model,class,threshold,nb_model,nb_treat_all,nb_clinical_rule,prevalence,best_strategy
Logistic Regression,overt_hypothyroid,0.01,0.02257,0.01305,0.02006,0.0229,model
Logistic Regression,overt_hypothyroid,0.02,0.02231,0.00298,0.01997,0.0229,model
Logistic Regression,overt_hypothyroid,0.03,0.02203,-0.0073,0.01989,0.0229,model
Logistic Regression,overt_hypothyroid,0.04,0.02181,-0.0178,0.0198,0.0229,model
Logistic Regression,overt_hypothyroid,0.05,0.02162,-0.02851,0.01971,0.0229,model
Logistic Regression,overt_hypothyroid,0.06,0.02143,-0.03945,0.01962,0.0229,model
Logistic Regression,overt_hypothyroid,0.07,0.02124,-0.05063,0.01953,0.0229,model
Logistic Regression,overt_hypothyroid,0.08,0.02102,-0.06205,0.01943,0.0229,model
Logistic Regression,overt_hypothyroid,0.09,0.02084,-0.07372,0.01934,0.0229,model
Logistic Regression,overt_hypothyroid,0.1,0.02067,-0.08565,0.01924,0.0229,model
Logistic Regression,overt_hypothyroid,0.11,0.02049,-0.09785,0.01913,0.0229,model
Logistic Regression,overt_hypothyroid,0.12,0.02028,-0.11032,0.01903,0.0229,model
Logistic Regression,overt_hypothyroid,0.13,0.02014,-0.12308,0.01892,0.0229,model
Logistic Regression,overt_hypothyroid,0.14,0.02,-0.13614,0.01882,0.0229,model
Logistic Regression,overt_hypothyroid,0.15,0.01981,-0.14951,0.01871,0.0229,model
Logistic Regression,overt_hypothyroid,0.16,0.01966,-0.16319,0.01859,0.0229,model
Logistic Regression,overt_hypothyroid,0.17,0.0195,-0.17721,0.01847,0.0229,model
Logistic Regression,overt_hypothyroid,0.18,0.01933,-0.19157,0.01836,0.0229,model
Logistic Regression,overt_hypothyroid,0.19,0.01925,-0.20628,0.01823,0.0229,model
Logistic Regression,overt_hypothyroid,0.2,0.01906,-0.22135,0.01811,0.0229,model
Logistic Regression,overt_hypothyroid,0.21,0.01888,-0.23681,0.01798,0.0229,model
Logistic Regression,overt_hypothyroid,0.22,0.01873,-0.25267,0.01785,0.0229,model
Logistic Regression,overt_hypothyroid,0.23,0.01853,-0.26894,0.01771,0.0229,model
Logistic Regression,overt_hypothyroid,0.24,0.01829,-0.28564,0.01757,0.0229,model
Logistic Regression,overt_hypothyroid,0.25,0.01806,-0.30278,0.01743,0.0229,model
Logistic Regression,overt_hypothyroid,0.26,0.01785,-0.32038,0.01728,0.0229,model
Logistic Regression,overt_hypothyroid,0.27,0.01771,-0.33847,0.01713,0.0229,model
Logistic Regression,overt_hypothyroid,0.28,0.01743,-0.35706,0.01698,0.0229,model
Logistic Regression,overt_hypothyroid,0.29,0.01722,-0.37617,0.01682,0.0229,model
Logistic Regression,overt_hypothyroid,0.3,0.01697,-0.39583,0.01666,0.0229,model
Logistic Regression,subclinical_hypothyroid,0.01,0.04354,0.04181,0.04997,0.0514,clinical_rule
Logistic Regression,subclinical_hypothyroid,0.02,0.03849,0.03203,0.04923,0.0514,clinical_rule
Logistic Regression,subclinical_hypothyroid,0.03,0.0355,0.02205,0.04848,0.0514,clinical_rule
Logistic Regression,subclinical_hypothyroid,0.04,0.03396,0.01186,0.04771,0.0514,clinical_rule
Logistic Regression,subclinical_hypothyroid,0.05,0.03345,0.00146,0.04692,0.0514,clinical_rule
Logistic Regression,subclinical_hypothyroid,0.06,0.034,-0.00916,0.04612,0.0514,clinical_rule
Logistic Regression,subclinical_hypothyroid,0.07,0.03428,-0.02001,0.0453,0.0514,clinical_rule
Logistic Regression,subclinical_hypothyroid,0.08,0.03461,-0.0311,0.04446,0.0514,clinical_rule
Logistic Regression,subclinical_hypothyroid,0.09,0.03468,-0.04243,0.04361,0.0514,clinical_rule
Logistic Regression,subclinical_hypothyroid,0.1,0.03463,-0.05401,0.04273,0.0514,clinical_rule
Logistic Regression,subclinical_hypothyroid,0.11,0.0343,-0.06586,0.04184,0.0514,clinical_rule
Logistic Regression,subclinical_hypothyroid,0.12,0.03405,-0.07797,0.04092,0.0514,clinical_rule
Logistic Regression,subclinical_hypothyroid,0.13,0.03388,-0.09036,0.03999,0.0514,clinical_rule
Logistic Regression,subclinical_hypothyroid,0.14,0.0337,-0.10304,0.03903,0.0514,clinical_rule
Logistic Regression,subclinical_hypothyroid,0.15,0.03362,-0.11601,0.03805,0.0514,clinical_rule
Logistic Regression,subclinical_hypothyroid,0.16,0.0332,-0.1293,0.03704,0.0514,clinical_rule
Logistic Regression,subclinical_hypothyroid,0.17,0.03299,-0.1429,0.03602,0.0514,clinical_rule
Logistic Regression,subclinical_hypothyroid,0.18,0.03281,-0.15684,0.03496,0.0514,clinical_rule
Logistic Regression,subclinical_hypothyroid,0.19,0.03255,-0.17112,0.03388,0.0514,clinical_rule
Logistic Regression,subclinical_hypothyroid,0.2,0.03264,-0.18576,0.03278,0.0514,clinical_rule
Logistic Regression,subclinical_hypothyroid,0.21,0.03262,-0.20077,0.03164,0.0514,model
Logistic Regression,subclinical_hypothyroid,0.22,0.03271,-0.21617,0.03048,0.0514,model
Logistic Regression,subclinical_hypothyroid,0.23,0.03228,-0.23196,0.02929,0.0514,model
Logistic Regression,subclinical_hypothyroid,0.24,0.0322,-0.24817,0.02806,0.0514,model
Logistic Regression,subclinical_hypothyroid,0.25,0.03204,-0.26481,0.02681,0.0514,model
Logistic Regression,subclinical_hypothyroid,0.26,0.03195,-0.28191,0.02551,0.0514,model
Logistic Regression,subclinical_hypothyroid,0.27,0.03167,-0.29947,0.02419,0.0514,model
Logistic Regression,subclinical_hypothyroid,0.28,0.03136,-0.31752,0.02282,0.0514,model
Logistic Regression,subclinical_hypothyroid,0.29,0.03104,-0.33607,0.02142,0.0514,model
Logistic Regression,subclinical_hypothyroid,0.3,0.03081,-0.35516,0.01998,0.0514,model
Random Forest,overt_hypothyroid,0.01,0.02265,0.01305,0.02006,0.0229,model
Random Forest,overt_hypothyroid,0.02,0.0225,0.00298,0.01997,0.0229,model
Random Forest,overt_hypothyroid,0.03,0.02243,-0.0073,0.01989,0.0229,model
Random Forest,overt_hypothyroid,0.04,0.02242,-0.0178,0.0198,0.0229,model
Random Forest,overt_hypothyroid,0.05,0.0224,-0.02851,0.01971,0.0229,model
Random Forest,overt_hypothyroid,0.06,0.02245,-0.03945,0.01962,0.0229,model
Random Forest,overt_hypothyroid,0.07,0.02242,-0.05063,0.01953,0.0229,model
Random Forest,overt_hypothyroid,0.08,0.02243,-0.06205,0.01943,0.0229,model
Random Forest,overt_hypothyroid,0.09,0.02244,-0.07372,0.01934,0.0229,model
Random Forest,overt_hypothyroid,0.1,0.02243,-0.08565,0.01924,0.0229,model
Random Forest,overt_hypothyroid,0.11,0.02242,-0.09785,0.01913,0.0229,model
Random Forest,overt_hypothyroid,0.12,0.02241,-0.11032,0.01903,0.0229,model
Random Forest,overt_hypothyroid,0.13,0.02241,-0.12308,0.01892,0.0229,model
Random Forest,overt_hypothyroid,0.14,0.0224,-0.13614,0.01882,0.0229,model
Random Forest,overt_hypothyroid,0.15,0.02241,-0.14951,0.01871,0.0229,model
Random Forest,overt_hypothyroid,0.16,0.0224,-0.16319,0.01859,0.0229,model
Random Forest,overt_hypothyroid,0.17,0.02239,-0.17721,0.01847,0.0229,model
Random Forest,overt_hypothyroid,0.18,0.02238,-0.19157,0.01836,0.0229,model
Random Forest,overt_hypothyroid,0.19,0.02235,-0.20628,0.01823,0.0229,model
Random Forest,overt_hypothyroid,0.2,0.02231,-0.22135,0.01811,0.0229,model
Random Forest,overt_hypothyroid,0.21,0.02227,-0.23681,0.01798,0.0229,model
Random Forest,overt_hypothyroid,0.22,0.02223,-0.25267,0.01785,0.0229,model
Random Forest,overt_hypothyroid,0.23,0.02219,-0.26894,0.01771,0.0229,model
Random Forest,overt_hypothyroid,0.24,0.02217,-0.28564,0.01757,0.0229,model
Random Forest,overt_hypothyroid,0.25,0.02213,-0.30278,0.01743,0.0229,model
Random Forest,overt_hypothyroid,0.26,0.02214,-0.32038,0.01728,0.0229,model
Random Forest,overt_hypothyroid,0.27,0.02212,-0.33847,0.01713,0.0229,model
Random Forest,overt_hypothyroid,0.28,0.02208,-0.35706,0.01698,0.0229,model
Random Forest,overt_hypothyroid,0.29,0.02204,-0.37617,0.01682,0.0229,model
Random Forest,overt_hypothyroid,0.3,0.02199,-0.39583,0.01666,0.0229,model
Random Forest,subclinical_hypothyroid,0.01,0.04866,0.04181,0.04997,0.0514,clinical_rule
Random Forest,subclinical_hypothyroid,0.02,0.04836,0.03203,0.04923,0.0514,clinical_rule
Random Forest,subclinical_hypothyroid,0.03,0.04881,0.02205,0.04848,0.0514,model
Random Forest,subclinical_hypothyroid,0.04,0.04952,0.01186,0.04771,0.0514,model
Random Forest,subclinical_hypothyroid,0.05,0.04978,0.00146,0.04692,0.0514,model
Random Forest,subclinical_hypothyroid,0.06,0.04992,-0.00916,0.04612,0.0514,model
Random Forest,subclinical_hypothyroid,0.07,0.04984,-0.02001,0.0453,0.0514,model
Random Forest,subclinical_hypothyroid,0.08,0.04981,-0.0311,0.04446,0.0514,model
Random Forest,subclinical_hypothyroid,0.09,0.04972,-0.04243,0.04361,0.0514,model
Random Forest,subclinical_hypothyroid,0.1,0.04962,-0.05401,0.04273,0.0514,model
Random Forest,subclinical_hypothyroid,0.11,0.04952,-0.06586,0.04184,0.0514,model
Random Forest,subclinical_hypothyroid,0.12,0.04942,-0.07797,0.04092,0.0514,model
Random Forest,subclinical_hypothyroid,0.13,0.04936,-0.09036,0.03999,0.0514,model
Random Forest,subclinical_hypothyroid,0.14,0.04923,-0.10304,0.03903,0.0514,model
Random Forest,subclinical_hypothyroid,0.15,0.04916,-0.11601,0.03805,0.0514,model
Random Forest,subclinical_hypothyroid,0.16,0.04902,-0.1293,0.03704,0.0514,model
Random Forest,subclinical_hypothyroid,0.17,0.04894,-0.1429,0.03602,0.0514,model
Random Forest,subclinical_hypothyroid,0.18,0.0489,-0.15684,0.03496,0.0514,model
Random Forest,subclinical_hypothyroid,0.19,0.04882,-0.17112,0.03388,0.0514,model
Random Forest,subclinical_hypothyroid,0.2,0.04872,-0.18576,0.03278,0.0514,model
Random Forest,subclinical_hypothyroid,0.21,0.04866,-0.20077,0.03164,0.0514,model
Random Forest,subclinical_hypothyroid,0.22,0.04855,-0.21617,0.03048,0.0514,model
Random Forest,subclinical_hypothyroid,0.23,0.04846,-0.23196,0.02929,0.0514,model
Random Forest,subclinical_hypothyroid,0.24,0.04836,-0.24817,0.02806,0.0514,model
Random Forest,subclinical_hypothyroid,0.25,0.04822,-0.26481,0.02681,0.0514,model
Random Forest,subclinical_hypothyroid,0.26,0.04807,-0.28191,0.02551,0.0514,model
Random Forest,subclinical_hypothyroid,0.27,0.04785,-0.29947,0.02419,0.0514,model
Random Forest,subclinical_hypothyroid,0.28,0.04767,-0.31752,0.02282,0.0514,model
Random Forest,subclinical_hypothyroid,0.29,0.04752,-0.33607,0.02142,0.0514,model
Random Forest,subclinical_hypothyroid,0.3,0.04733,-0.35516,0.01998,0.0514,model
XGBoost,overt_hypothyroid,0.01,0.02275,0.01305,0.02006,0.0229,model
XGBoost,overt_hypothyroid,0.02,0.02265,0.00298,0.01997,0.0229,model
XGBoost,overt_hypothyroid,0.03,0.02263,-0.0073,0.01989,0.0229,model
XGBoost,overt_hypothyroid,0.04,0.02253,-0.0178,0.0198,0.0229,model
XGBoost,overt_hypothyroid,0.05,0.0225,-0.02851,0.01971,0.0229,model
XGBoost,overt_hypothyroid,0.06,0.02248,-0.03945,0.01962,0.0229,model
XGBoost,overt_hypothyroid,0.07,0.02246,-0.05063,0.01953,0.0229,model
XGBoost,overt_hypothyroid,0.08,0.02244,-0.06205,0.01943,0.0229,model
XGBoost,overt_hypothyroid,0.09,0.02241,-0.07372,0.01934,0.0229,model
XGBoost,overt_hypothyroid,0.1,0.02238,-0.08565,0.01924,0.0229,model
XGBoost,overt_hypothyroid,0.11,0.02236,-0.09785,0.01913,0.0229,model
XGBoost,overt_hypothyroid,0.12,0.02233,-0.11032,0.01903,0.0229,model
XGBoost,overt_hypothyroid,0.13,0.0223,-0.12308,0.01892,0.0229,model
XGBoost,overt_hypothyroid,0.14,0.02228,-0.13614,0.01882,0.0229,model
XGBoost,overt_hypothyroid,0.15,0.02226,-0.14951,0.01871,0.0229,model
XGBoost,overt_hypothyroid,0.16,0.02223,-0.16319,0.01859,0.0229,model
XGBoost,overt_hypothyroid,0.17,0.02221,-0.17721,0.01847,0.0229,model
XGBoost,overt_hypothyroid,0.18,0.0222,-0.19157,0.01836,0.0229,model
XGBoost,overt_hypothyroid,0.19,0.02217,-0.20628,0.01823,0.0229,model
XGBoost,overt_hypothyroid,0.2,0.02214,-0.22135,0.01811,0.0229,model
XGBoost,overt_hypothyroid,0.21,0.02212,-0.23681,0.01798,0.0229,model
XGBoost,overt_hypothyroid,0.22,0.02209,-0.25267,0.01785,0.0229,model
XGBoost,overt_hypothyroid,0.23,0.02206,-0.26894,0.01771,0.0229,model
XGBoost,overt_hypothyroid,0.24,0.02196,-0.28564,0.01757,0.0229,model
XGBoost,overt_hypothyroid,0.25,0.02192,-0.30278,0.01743,0.0229,model
XGBoost,overt_hypothyroid,0.26,0.02189,-0.32038,0.01728,0.0229,model
XGBoost,overt_hypothyroid,0.27,0.02185,-0.33847,0.01713,0.0229,model
XGBoost,overt_hypothyroid,0.28,0.02181,-0.35706,0.01698,0.0229,model
XGBoost,overt_hypothyroid,0.29,0.02178,-0.37617,0.01682,0.0229,model
XGBoost,overt_hypothyroid,0.3,0.02177,-0.39583,0.01666,0.0229,model
XGBoost,subclinical_hypothyroid,0.01,0.05094,0.04181,0.04997,0.0514,model
XGBoost,subclinical_hypothyroid,0.02,0.05074,0.03203,0.04923,0.0514,model
XGBoost,subclinical_hypothyroid,0.03,0.05063,0.02205,0.04848,0.0514,model
XGBoost,subclinical_hypothyroid,0.04,0.05045,0.01186,0.04771,0.0514,model
XGBoost,subclinical_hypothyroid,0.05,0.05033,0.00146,0.04692,0.0514,model
XGBoost,subclinical_hypothyroid,0.06,0.05014,-0.00916,0.04612,0.0514,model
XGBoost,subclinical_hypothyroid,0.07,0.04998,-0.02001,0.0453,0.0514,model
XGBoost,subclinical_hypothyroid,0.08,0.0498,-0.0311,0.04446,0.0514,model
XGBoost,subclinical_hypothyroid,0.09,0.04969,-0.04243,0.04361,0.0514,model
XGBoost,subclinical_hypothyroid,0.1,0.04951,-0.05401,0.04273,0.0514,model
XGBoost,subclinical_hypothyroid,0.11,0.04941,-0.06586,0.04184,0.0514,model
XGBoost,subclinical_hypothyroid,0.12,0.04929,-0.07797,0.04092,0.0514,model
XGBoost,subclinical_hypothyroid,0.13,0.04906,-0.09036,0.03999,0.0514,model
XGBoost,subclinical_hypothyroid,0.14,0.04896,-0.10304,0.03903,0.0514,model
XGBoost,subclinical_hypothyroid,0.15,0.04885,-0.11601,0.03805,0.0514,model
XGBoost,subclinical_hypothyroid,0.16,0.04874,-0.1293,0.03704,0.0514,model
XGBoost,subclinical_hypothyroid,0.17,0.04861,-0.1429,0.03602,0.0514,model
XGBoost,subclinical_hypothyroid,0.18,0.04847,-0.15684,0.03496,0.0514,model
XGBoost,subclinical_hypothyroid,0.19,0.04832,-0.17112,0.03388,0.0514,model
XGBoost,subclinical_hypothyroid,0.2,0.04812,-0.18576,0.03278,0.0514,model
XGBoost,subclinical_hypothyroid,0.21,0.04798,-0.20077,0.03164,0.0514,model
XGBoost,subclinical_hypothyroid,0.22,0.04784,-0.21617,0.03048,0.0514,model
XGBoost,subclinical_hypothyroid,0.23,0.04769,-0.23196,0.02929,0.0514,model
XGBoost,subclinical_hypothyroid,0.24,0.04755,-0.24817,0.02806,0.0514,model
XGBoost,subclinical_hypothyroid,0.25,0.04741,-0.26481,0.02681,0.0514,model
XGBoost,subclinical_hypothyroid,0.26,0.04724,-0.28191,0.02551,0.0514,model
XGBoost,subclinical_hypothyroid,0.27,0.04712,-0.29947,0.02419,0.0514,model
XGBoost,subclinical_hypothyroid,0.28,0.04695,-0.31752,0.02282,0.0514,model
XGBoost,subclinical_hypothyroid,0.29,0.04677,-0.33607,0.02142,0.0514,model
XGBoost,subclinical_hypothyroid,0.3,0.04671,-0.35516,0.01998,0.0514,model
