model,calibration,run_id,brier,ece,mce
Logistic Regression,raw,0,0.020549925479847353,0.049347651981877266,0.5247187366405687
Logistic Regression,sigmoid,0,0.083056608547682,0.20779954401234482,0.4068408667366629
Logistic Regression,isotonic,0,0.06368353189125935,0.16095883739981368,0.580370634478755
Decision Tree,raw,0,0.003214165525438487,0.003170251675683079,0.040289965978316904
Decision Tree,sigmoid,0,0.0018804778920436585,0.0024663416759663098,0.45662068272030537
Decision Tree,isotonic,0,0.0018384100542978789,0.002118902292669316,0.4542005493080823
KNN,raw,0,0.018444444444444447,0.020925925925925914,0.4499654934437543
KNN,sigmoid,0,0.015316380211169711,0.016016935888481926,0.440635385013389
KNN,isotonic,0,0.014259219809690984,0.012597915452854208,0.6307387109606472
SVM (RBF),raw,0,0.012786465890564999,0.019150280406331405,0.7212960125952358
SVM (RBF),sigmoid,0,0.021948616326791386,0.023299427973544302,0.5325259085177664
SVM (RBF),isotonic,0,0.022080881190878143,0.022931520852508824,0.6688125565844354
Random Forest,raw,0,0.002066435185185185,0.006018518518518486,0.5266666666666667
Random Forest,sigmoid,0,0.0016622695700947614,0.0022020365972575044,0.7519530394252417
Random Forest,isotonic,0,0.003776026741938172,0.00501881691461729,0.8714263411587924
XGBoost,raw,0,0.0034816144427654173,0.003399095008825057,0.781972681482633
XGBoost,sigmoid,0,0.003317264874526623,0.0026775319837988956,0.3700156426924823
XGBoost,isotonic,0,0.003097526486706959,0.0033656978893450962,0.6449861726126193
Logistic Regression,raw,1,0.018940030876886116,0.04672046755046464,0.5243922503661221
Logistic Regression,sigmoid,1,0.08198273291192439,0.21075947765466885,0.4102253205420565
Logistic Regression,isotonic,1,0.06332344565703944,0.16108763755064273,0.5478336855866205
Decision Tree,raw,1,0.002783857278618851,0.0026619071516912323,0.059900561119682845
Decision Tree,sigmoid,1,0.0036899087985123695,0.004491599070626621,0.46636480902597016
Decision Tree,isotonic,1,0.0036929853064935603,0.004162908468098286,0.46651549394396885
KNN,raw,1,0.01792592592592593,0.021111111111111105,0.4666666666666666
KNN,sigmoid,1,0.015914918770030265,0.014129836785213902,0.742687052300723
KNN,isotonic,1,0.014550438186598074,0.011197131434049592,0.36979556160679933
SVM (RBF),raw,1,0.014124680234408665,0.016630407376785422,0.5151732211195118
SVM (RBF),sigmoid,1,0.022425529699944827,0.022182886731229534,0.8096715170241118
SVM (RBF),isotonic,1,0.021740579409750077,0.022184721391445995,0.5854515884763659
Random Forest,raw,1,0.003787824074074074,0.006513888888888923,0.4883333333333333
Random Forest,sigmoid,1,0.0033996915272141728,0.003966369109334139,0.36158279392935705
Random Forest,isotonic,1,0.004979502293681702,0.005602737737911659,0.6352640335945686
XGBoost,raw,1,0.004204845194999772,0.004616442672625406,0.6435238420963287
XGBoost,sigmoid,1,0.003890562717069663,0.004950954351312062,0.484828177115699
XGBoost,isotonic,1,0.0036496661460727192,0.00427553663944313,0.5194083511715817
Logistic Regression,raw,2,0.022471872123686062,0.058605808064476045,0.48251908393019843
Logistic Regression,sigmoid,2,0.08703374659795794,0.21214623986475742,0.4734248359889261
Logistic Regression,isotonic,2,0.0669923999196,0.17174248463377687,0.5083662520680989
Decision Tree,raw,2,0.007573386895940555,0.00722786486871974,0.08960969470386398
Decision Tree,sigmoid,2,0.00693624717701543,0.007486832128067364,0.386514603541308
Decision Tree,isotonic,2,0.00683365313337882,0.006851326631880826,0.3847940481395061
KNN,raw,2,0.015000000000000001,0.01666666666666666,0.5261022927689593
KNN,sigmoid,2,0.01385040891784177,0.013399839537240365,0.6389242619141706
KNN,isotonic,2,0.012355729891993579,0.01084906155506747,0.5496382980076656
SVM (RBF),raw,2,0.01914874888412101,0.03547751156105881,0.7155925464909796
SVM (RBF),sigmoid,2,0.027252683921794117,0.028393205194289766,0.6204221311778366
SVM (RBF),isotonic,2,0.027672545330844105,0.02849102064737483,0.696554672209038
Random Forest,raw,2,0.005610416666666666,0.00548148148148146,0.43277777777777776
Random Forest,sigmoid,2,0.004898985910165824,0.0037644958914465417,0.4258688835178381
Random Forest,isotonic,2,0.004959363814075873,0.00383602117729206,0.5898153300202916
XGBoost,raw,2,0.006775113995834629,0.0062657431466808106,0.42999620238939923
XGBoost,sigmoid,2,0.006270151113580237,0.006427082445621746,0.4031719966348142
XGBoost,isotonic,2,0.005771116528584325,0.004821502195426239,0.45433324664881236
Logistic Regression,raw,3,0.024102965377225605,0.05867043306872425,0.6126856642009691
Logistic Regression,sigmoid,3,0.08656890203011146,0.21177578321958426,0.5865566242209183
Logistic Regression,isotonic,3,0.06851779519249555,0.1752274804579773,0.5586354385808687
Decision Tree,raw,3,0.010996173543638304,0.011185523597855643,0.12188244636455692
Decision Tree,sigmoid,3,0.010060828286600277,0.007989666424665982,0.1836640499586993
Decision Tree,isotonic,3,0.009468478937994603,0.008798621730950891,0.39974034710803735
KNN,raw,3,0.020574074074074078,0.021666666666666667,0.6111111111111112
KNN,sigmoid,3,0.018812532319214485,0.017866648222384093,0.5691692352643578
KNN,isotonic,3,0.01754894891409979,0.014753696279893034,0.5940755739054354
SVM (RBF),raw,3,0.022966669016043245,0.04106327870538249,0.5947654564776158
SVM (RBF),sigmoid,3,0.03191976555604296,0.03499698431509726,0.6202840408898135
SVM (RBF),isotonic,3,0.032622299922364435,0.0342750331789299,0.5874264749999359
Random Forest,raw,3,0.00783837962962963,0.006208333333333337,0.33861111111111103
Random Forest,sigmoid,3,0.00848188263095514,0.007658054617483391,0.4018170160204721
Random Forest,isotonic,3,0.008948284915333999,0.008662357090480423,0.5569932385752393
XGBoost,raw,3,0.009512385824946524,0.009046231208203954,0.5184037288029989
XGBoost,sigmoid,3,0.01016205382238055,0.00996143303589492,0.682980293142433
XGBoost,isotonic,3,0.009210781193288511,0.008592916052163333,0.3424051355740947
Logistic Regression,raw,4,0.026605756136511866,0.06016365534799328,0.5271218052595351
Logistic Regression,sigmoid,4,0.08684535397374538,0.21188636824264898,0.5069701944394752
Logistic Regression,isotonic,4,0.06850204422267007,0.17268370816754444,0.5079219783000323
Decision Tree,raw,4,0.010750890932701979,0.010498964380155932,0.6061207609594707
Decision Tree,sigmoid,4,0.009343414655188906,0.009650515300308167,0.21149665295961495
Decision Tree,isotonic,4,0.009138945927627944,0.009033824281971933,0.20565990973071083
KNN,raw,4,0.02077777777777778,0.022037037037037032,0.5242424242424242
KNN,sigmoid,4,0.018114013790678497,0.016810916323510998,0.7286513418529524
KNN,isotonic,4,0.016537546551567098,0.013136570730657007,0.6048294263017567
SVM (RBF),raw,4,0.02269720159052913,0.040927804891908705,0.5696731551783091
SVM (RBF),sigmoid,4,0.03241071622703517,0.03524523489700629,0.6322026175960914
SVM (RBF),isotonic,4,0.032773133055078035,0.035578356139910394,0.7285745961994436
Random Forest,raw,4,0.008223472222222222,0.008486111111111111,0.5091666666666667
Random Forest,sigmoid,4,0.008314278898877024,0.008377942345226505,0.656760192580017
Random Forest,isotonic,4,0.008372768764963123,0.006060580944281787,0.5308417872638326
XGBoost,raw,4,0.010463613510035287,0.010826156066595004,0.6587836146354675
XGBoost,sigmoid,4,0.008797676780236288,0.009281698724114157,0.7372309151710036
XGBoost,isotonic,4,0.008778851292971256,0.008924505774589218,0.6084318600368736
Logistic Regression,raw,5,0.01818506099965288,0.0445808434242951,0.6506482380134803
Logistic Regression,sigmoid,5,0.08331762085057239,0.20221005299365977,0.4170898735374065
Logistic Regression,isotonic,5,0.0657494348624011,0.15997924835911784,0.4233560728770939
Decision Tree,raw,5,0.0027974818910400756,0.002827296438267292,0.15795206971677558
Decision Tree,sigmoid,5,0.0026736774143326807,0.0020513175368074617,0.33052847678918423
Decision Tree,isotonic,5,0.0026958890000011726,0.002069967843397357,0.33443952551891876
KNN,raw,5,0.026574074074074073,0.027499999999999993,0.5292335115864527
KNN,sigmoid,5,0.02427231862542067,0.023427153980156976,0.6379933597983358
KNN,isotonic,5,0.022539479052652456,0.01947653366936286,0.4702649922546113
SVM (RBF),raw,5,0.012475920689504962,0.0161408389076162,0.6963427262737824
SVM (RBF),sigmoid,5,0.019945276156762688,0.019687605691545696,0.8093631505175835
SVM (RBF),isotonic,5,0.019842354296829463,0.020167286105656792,0.7226202031568983
Random Forest,raw,5,0.002514675925925926,0.005805555555555497,0.3766666666666667
Random Forest,sigmoid,5,0.0019999994306917593,0.0019333210472696682,0.35088701330767824
Random Forest,isotonic,5,0.003964680116159143,0.004836952750715042,0.7840296016940907
XGBoost,raw,5,0.0020259303260586232,0.0027000801451920234,0.5729405085245768
XGBoost,sigmoid,5,0.001841211013194324,0.0023763697579358197,0.7306976431447517
XGBoost,isotonic,5,0.002069648501153446,0.0025507714573202687,0.5202935564318768
Logistic Regression,raw,6,0.02035782571348527,0.04860971721969631,0.4918034359602004
Logistic Regression,sigmoid,6,0.08353479001263626,0.20717944245136652,0.41468183383112206
Logistic Regression,isotonic,6,0.06528640462043749,0.15988606994644575,0.5437150295492637
Decision Tree,raw,6,0.004619907838009194,0.0045786204322789785,0.06749159626345032
Decision Tree,sigmoid,6,0.0043069387408940655,0.004202637934008595,0.3337660602547678
Decision Tree,isotonic,6,0.004314624969614736,0.004157750354797373,0.3335612540712245
KNN,raw,6,0.028370370370370376,0.035648148148148144,0.5577777777777778
KNN,sigmoid,6,0.02447601275697971,0.02353637684913695,0.5490146244325661
KNN,isotonic,6,0.0222119697134928,0.020413794562789096,0.371768055089734
SVM (RBF),raw,6,0.01366841788505059,0.018026301826897257,0.6436834219076115
SVM (RBF),sigmoid,6,0.021898933550541858,0.02172426062901454,0.6362343181116402
SVM (RBF),isotonic,6,0.021970651035840377,0.022184253073377725,0.6430390403057276
Random Forest,raw,6,0.0044078240740740736,0.006027777777777735,0.35166666666666674
Random Forest,sigmoid,6,0.005015336494813445,0.004490408075679595,0.8408402873519547
Random Forest,isotonic,6,0.003914605213060408,0.0029533854233958156,0.46592516208250895
XGBoost,raw,6,0.006172859489171183,0.006290011542395652,0.7626102119684219
XGBoost,sigmoid,6,0.006551073067606872,0.006321270946990458,0.6899926426136731
XGBoost,isotonic,6,0.005436536842103555,0.006182588268384452,0.6318153297395402
Logistic Regression,raw,7,0.020386082413436857,0.04886183141147176,0.5792665691153968
Logistic Regression,sigmoid,7,0.08503127356039869,0.20579150953102818,0.6764256221230854
Logistic Regression,isotonic,7,0.06795006839509334,0.16451219349975407,0.5545028229727627
Decision Tree,raw,7,0.0027719501758581067,0.002727189991381438,0.035559613616812626
Decision Tree,sigmoid,7,0.0033332163953169666,0.003957329795757728,0.49919375011509454
Decision Tree,isotonic,7,0.0033287395260148283,0.00366967537386443,0.49933472483568325
KNN,raw,7,0.030351851851851852,0.03481481481481481,0.5936507936507937
KNN,sigmoid,7,0.027531275305622997,0.026538269357816724,0.7601075836588262
KNN,isotonic,7,0.024644360196040063,0.021456448184256276,0.7042666522762616
SVM (RBF),raw,7,0.01078998148850759,0.01630044494362676,0.6143323524281606
SVM (RBF),sigmoid,7,0.018329111356658007,0.019825060965623382,0.722412487891137
SVM (RBF),isotonic,7,0.01831473393447999,0.019459975311566482,0.7743212828789359
Random Forest,raw,7,0.002879212962962963,0.0066759259259259246,0.5766666666666667
Random Forest,sigmoid,7,0.0027915802799577615,0.0031606508323421393,0.6533729926999418
Random Forest,isotonic,7,0.002536134646243467,0.0028197838118964977,0.4805424709266852
XGBoost,raw,7,0.004068069581604805,0.004187063976849412,0.5193865398565928
XGBoost,sigmoid,7,0.004144986063491086,0.0045434713779197045,0.543679048698078
XGBoost,isotonic,7,0.0035808326504139713,0.0036949107430668863,0.5871863336535593
Logistic Regression,raw,8,0.02840134206211257,0.062250609030118836,0.5650944574521878
Logistic Regression,sigmoid,8,0.09153854442772895,0.21365213786166581,0.661631233300111
Logistic Regression,isotonic,8,0.07409716228778823,0.18081721138328674,0.512139816937228
Decision Tree,raw,8,0.011489589675001258,0.011319658769776642,0.2879288818029601
Decision Tree,sigmoid,8,0.01135325285626028,0.012038246863181374,0.5099525258128877
Decision Tree,isotonic,8,0.01124474963963521,0.011562962157346689,0.5109814268199689
KNN,raw,8,0.022629629629629628,0.024166666666666684,0.5113306982872201
KNN,sigmoid,8,0.02107775692591726,0.020350797839936614,0.6753261244991954
KNN,isotonic,8,0.01966633627920947,0.018099727546236944,0.4964774312081604
SVM (RBF),raw,8,0.025017397730846175,0.043125968843982905,0.5799769986183979
SVM (RBF),sigmoid,8,0.02998424845717913,0.034354812957005786,0.5037735273628736
SVM (RBF),isotonic,8,0.030814543856078663,0.03424585077913218,0.4851666762976042
Random Forest,raw,8,0.01032675925925926,0.009717592592592581,0.4366666666666667
Random Forest,sigmoid,8,0.010173505094819459,0.009770653100954074,0.5227238633060242
Random Forest,isotonic,8,0.00949649371768018,0.00798395034737644,0.6041101510274515
XGBoost,raw,8,0.011803451291495917,0.011985781320200421,0.46120675404866535
XGBoost,sigmoid,8,0.012121731525485185,0.01261933220796991,0.753912760244805
XGBoost,isotonic,8,0.010899031111636773,0.010956994739138368,0.7700723006907282
Logistic Regression,raw,9,0.0171105396024881,0.0449240479561584,0.4049652210972819
Logistic Regression,sigmoid,9,0.0818982283915013,0.20480963440104558,0.38280574804178763
Logistic Regression,isotonic,9,0.06304525217674198,0.1546074982316239,0.5501392865895707
Decision Tree,raw,9,0.0027369051422452815,0.0027223116205289228,0.04125652883294579
Decision Tree,sigmoid,9,0.002406066885468965,0.0029834350016988906,0.22167968828044674
Decision Tree,isotonic,9,0.002380798205472995,0.00263712482451293,0.22118724405609994
KNN,raw,9,0.014796296296296295,0.016388888888888887,0.4611111111111111
KNN,sigmoid,9,0.012995426776456832,0.012376653303845868,0.5814889817923802
KNN,isotonic,9,0.012381813986791881,0.010745341036277362,0.6077261305597245
SVM (RBF),raw,9,0.011442647605463993,0.01650961499912322,0.44958745564196106
SVM (RBF),sigmoid,9,0.02153248091512622,0.022109608123086183,0.6355417228409662
SVM (RBF),isotonic,9,0.021956844023007804,0.02204353194058643,0.7540860280773414
Random Forest,raw,9,0.0024843981481481475,0.0035879629629629317,0.4749999999999999
Random Forest,sigmoid,9,0.00215097871104241,0.0026823095987064103,0.4505030668505052
Random Forest,isotonic,9,0.0027274019085393557,0.0037281232066708795,0.781700094861383
XGBoost,raw,9,0.004315739540294852,0.004687467550655593,0.8106269339720408
XGBoost,sigmoid,9,0.004856237934799589,0.004711138912609409,0.842443690633794
XGBoost,isotonic,9,0.004143071626784293,0.004426611208321682,0.7417041311725235
