metric,method_a,method_b,mean_diff,rank_diff,p_wilcoxon,p_tost,p_holm,nemenyi_sig,equivalent
f1_macro,TreeImportance,mRMR,0.02025005989687545,5.8,0.001953125,0.4609375,0.0703125,True,False
f1_macro,RFE,mRMR,0.0190290087453432,5.2,0.001953125,0.4228515625,0.0703125,True,False
f1_macro,LASSO,mRMR,0.016884522412834203,4.1,0.001953125,0.4228515625,0.0703125,True,False
f1_macro,SelectKBest,mRMR,0.017032452187820755,4.05,0.001953125,0.2783203125,0.0703125,True,False
f1_macro,MutualInfo,mRMR,0.01637671554374299,3.75,0.001953125,0.3125,0.0703125,False,False
f1_macro,HFS (proposed),TreeImportance,-0.016438441607358432,3.5,0.011718685599768628,0.3125,0.3398418823932902,False,False
f1_macro,Boruta-like,mRMR,0.01666093181560514,3.4000000000000004,0.001953125,0.3125,0.0703125,False,False
f1_macro,ReliefF,mRMR,0.01458781419698919,2.9000000000000004,0.009765625,0.1611328125,0.29296875,False,False
f1_macro,HFS (proposed),RFE,-0.015217390455826185,2.9000000000000004,0.064453125,0.2783203125,1.0,False,False
f1_macro,ReliefF,TreeImportance,-0.005662245699886259,2.8999999999999995,0.037109375,0.0009765625,1.0,False,True
f1_macro,Boruta-like,TreeImportance,-0.0035891280812703095,2.3999999999999995,0.08583095844428565,0.0009765625,1.0,False,True
f1_macro,RFE,ReliefF,0.0044411945483540105,2.3,0.1386406338132186,0.001953125,1.0,False,True
f1_macro,HFS (proposed),mRMR,0.003811618289517016,2.3,0.4921875,0.0654296875,1.0,False,False
f1_macro,MutualInfo,TreeImportance,-0.0038733443531324572,2.05,0.048828125,0.0009765625,1.0,False,True
f1_macro,Boruta-like,RFE,-0.002368076929738061,1.7999999999999998,0.375,0.0009765625,1.0,False,True
f1_macro,HFS (proposed),LASSO,-0.013072904123317186,1.7999999999999998,0.08583095844428565,0.1611328125,1.0,False,False
f1_macro,SelectKBest,TreeImportance,-0.003217607709054693,1.75,0.083984375,0.0009765625,1.0,False,True
f1_macro,HFS (proposed),SelectKBest,-0.013220833898303742,1.75,0.0687035743228782,0.1875,1.0,False,False
f1_macro,LASSO,TreeImportance,-0.0033655374840412477,1.7000000000000002,0.13801073756865953,0.0009765625,1.0,False,True
f1_macro,HFS (proposed),MutualInfo,-0.012565097254225976,1.4500000000000002,0.0663160312989308,0.1376953125,1.0,False,False
f1_macro,MutualInfo,RFE,-0.0026522932016002088,1.4500000000000002,0.1386406338132186,0.0009765625,1.0,False,True
f1_macro,LASSO,ReliefF,0.0022967082158450113,1.1999999999999993,0.232421875,0.0009765625,1.0,False,True
f1_macro,RFE,SelectKBest,0.001996556557522444,1.1500000000000004,0.3139380937749148,0.0009765625,1.0,False,True
f1_macro,ReliefF,SelectKBest,-0.0024446379908315665,1.1499999999999995,0.17295491798842066,0.0009765625,1.0,False,True
f1_macro,Boruta-like,HFS (proposed),0.012849313526088124,1.1000000000000005,0.09289194088370534,0.1376953125,1.0,False,False
f1_macro,LASSO,RFE,-0.002144486332508999,1.1000000000000005,0.17552335081205495,0.0009765625,1.0,False,True
f1_macro,MutualInfo,ReliefF,0.0017889013467538017,0.8499999999999996,0.7353166906373405,0.0009765625,1.0,False,True
f1_macro,Boruta-like,LASSO,-0.00022359059722906193,0.6999999999999993,0.44126813332892967,0.0009765625,1.0,False,True
f1_macro,Boruta-like,SelectKBest,-0.00037152037221561686,0.6499999999999995,0.6858304344516057,0.0009765625,1.0,False,True
f1_macro,HFS (proposed),ReliefF,-0.010776195907472174,0.6000000000000005,0.275390625,0.1162109375,1.0,False,False
f1_macro,RFE,TreeImportance,-0.0012210511515322487,0.5999999999999996,0.7791707483631414,0.0009765625,1.0,False,True
f1_macro,Boruta-like,ReliefF,0.0020731176186159495,0.5,0.40081416938293446,0.0009765625,1.0,False,True
f1_macro,LASSO,MutualInfo,0.0005078068690912097,0.34999999999999964,0.921875,0.0009765625,1.0,False,True
f1_macro,Boruta-like,MutualInfo,0.0002842162718621477,0.34999999999999964,0.892738400944348,0.0009765625,1.0,False,True
f1_macro,MutualInfo,SelectKBest,-0.0006557366440777645,0.2999999999999998,0.6858304344516057,0.0009765625,1.0,False,True
f1_macro,LASSO,SelectKBest,-0.0001479297749865549,0.04999999999999982,0.921875,0.0009765625,1.0,False,True
