model,ROC_AUC_ovr,ROC_AUC_sd,sens_Overt hypothyroid,spec_Overt hypothyroid,prauc_Overt hypothyroid,prauc_sd_Overt hypothyroid,sens_Subclinical hypothyroid,spec_Subclinical hypothyroid,prauc_Subclinical hypothyroid,prauc_sd_Subclinical hypothyroid,sens_Euthyroid,spec_Euthyroid,prauc_Euthyroid,prauc_sd_Euthyroid
Logistic Regression,0.980039138701204,0.007270938927966018,0.8,0.9960909737029141,0.8518269217736117,0.036073984756138155,0.3567567567567567,0.9945827232796487,0.7537684611382145,0.06165075844321911,0.9936234058514628,0.5345794392523364,0.9975210573384858,0.001534875947615577
Decision Tree,0.9961444683149642,0.0032323118765459533,0.9818181818181818,0.9984363894811658,0.9515187337700286,0.03138380896016987,0.9905405405405405,0.9965592972181552,0.9410209563959434,0.05892734322592658,0.9948237059264816,0.9878504672897197,0.9994217476224492,0.0005109855430231276
KNN,0.9015927156145207,0.012153198678090869,0.7606060606060606,0.9990049751243781,0.8993616329871486,0.04287677150284718,0.127027027027027,0.9983894582723281,0.4309592675189031,0.05871988361143728,0.9989497374343588,0.3429906542056075,0.9852393856070549,0.001819085370318539
SVM (RBF),0.9934579468262668,0.002730966679602894,0.6121212121212121,0.9994314143567875,0.9324610249118201,0.030332400490783645,0.11486486486486484,0.9991215226939971,0.8957146542757375,0.03098159950159834,0.9996249062265565,0.28224299065420555,0.9994733035007777,0.00022711391912975292
SVM (Linear),0.9914123369972867,0.005916175861201172,0.7393939393939395,0.9978678038379533,0.9276576789540647,0.018076662681411067,0.06216216216216215,0.9995607613469986,0.815734783390309,0.04373260462452409,0.9975993998499627,0.2747663551401869,0.9990160993696688,0.0011067530445410662
Random Forest,0.9995405247076731,0.0003982430954053754,0.9696969696969695,0.9982942430703625,0.9859295546716649,0.013813065338908758,0.991891891891892,0.9980234260614935,0.9988964903009242,0.0012017442497857505,0.9966991747936985,0.9915887850467289,0.9999608108495958,3.355950715444083e-05
AdaBoost,0.9900852356370073,0.0015854646835945412,1.0,0.9976545842217485,0.9112844726467018,0.04688380144342926,0.8,0.9814055636896046,0.707279884524089,0.0199566919991214,0.978469617404351,0.8616822429906541,0.998601858404367,0.00018588750955487147
Bagging,0.9996534959014379,0.00034585296839147314,0.9848484848484848,0.9983653162757641,0.9794965562122,0.03212492924827362,0.9864864864864865,0.998462664714495,0.9975556021729869,0.0051278026985068035,0.9966991747936985,0.9859813084112149,0.999960581864744,4.5403850324868026e-05
XGBoost,0.9993529796706824,0.0006139260941204754,0.9545454545454545,0.9983653162757641,0.9780189997614558,0.03020358903364758,0.9756756756756758,0.9978038067349928,0.9970883425042956,0.0032557661709882437,0.9966241560390099,0.9766355140186915,0.9999477104476675,4.9396643158682636e-05
Stacking (RF+SVM),0.9996306358818098,0.0003346352916918188,0.9363636363636365,0.9985074626865671,0.9851086853492633,0.015309169710718185,0.991891891891892,0.9983894582723281,0.9988426906888105,0.0012077540444114096,0.9972993248312078,0.9813084112149533,0.9999696769486256,2.6874420707366108e-05
