model,auc_base,auc_pipe,prauc_base,prauc_pipe,p,p_holm,auc_delta,prauc_delta
Logistic Regression,0.980039138701204,0.9908579716813952,0.7537684611382145,0.8058239908892137,0.10546875,0.421875,0.010818832980191262,0.05205552975099925
Decision Tree,0.9961444683149642,0.9942630968896544,0.9410209563959434,0.8363417059171147,0.007685794055213263,0.038428970276066315,-0.0018813714253097524,-0.10467925047882876
KNN,0.9015927156145207,0.9715504819603418,0.4309592675189031,0.7451248833851348,0.001953125,0.01953125,0.06995776634582107,0.3141656158662317
SVM (RBF),0.9934579468262668,0.9936622702127137,0.8957146542757375,0.876017881405259,0.76953125,1.0,0.00020432338644693626,-0.01969677287047844
SVM (Linear),0.9914123369972867,0.9923048463680628,0.815734783390309,0.8350734766231855,0.556640625,1.0,0.0008925093707761178,0.019338693232876514
Random Forest,0.9995405247076731,0.9980071447735129,0.9988964903009242,0.9509970056709272,0.00390625,0.03515625,-0.0015333799341601395,-0.04789948462999705
AdaBoost,0.9900852356370073,0.9900483941408658,0.707279884524089,0.7064817601965528,0.31731050786291415,0.9519315235887424,-3.684149614158194e-05,-0.0007981243275361205
Bagging,0.9996534959014379,0.9978041456945661,0.9975556021729869,0.9433192688120628,0.00390625,0.03515625,-0.0018493502068718248,-0.05423633336092404
XGBoost,0.9993529796706824,0.9975880152293708,0.9970883425042956,0.9459408781245452,0.00390625,0.03515625,-0.0017649644413115784,-0.051147464379750374
Stacking (RF+SVM),0.9996306358818098,0.9977398356643364,0.9988426906888105,0.950301879578437,0.00390625,0.03515625,-0.001890800217473343,-0.04854081111037345
