method,run_id,accuracy,f1_macro,specificity_macro,roc_auc_ovr,tsh_thr,tt4_thr,elapsed_s,sens_overt_hypothyroid,spec_overt_hypothyroid,sens_subclinical_hypothyroid,spec_subclinical_hypothyroid,sens_euthyroid,spec_euthyroid
ClinicalRule_fixed,0,0.9152777777777777,0.7667498533331359,0.9703289312345058,,4.0,60.0,0.0,0.9090909090909091,0.9900497512437811,0.972972972972973,0.9209370424597365,0.9122280570142536,1.0
ClinicalRule_tuned,0,0.9729166666666667,0.887038852667874,0.9905258272536086,,6.0,60.0,0.187,0.9090909090909091,0.9957356076759062,0.972972972972973,0.9758418740849195,0.9744936234058514,1.0
ML_Logistic Regression,0,0.9659722222222222,0.8616254410314322,0.988185163563761,0.9914536377331826,,,8.34,1.0,0.9857853589196873,1.0,0.9787701317715959,0.9632408102025506,1.0
ML_Random Forest,0,0.9965277777777778,0.9828588084771318,0.995922870885369,0.9997534042317162,,,38.06,1.0,0.9985785358919688,0.9864864864864865,0.9985358711566618,0.9969992498124531,0.9906542056074766
ML_XGBoost,0,0.9958333333333333,0.9804363186716127,0.9928076060878613,0.9994751520656675,,,8.38,1.0,0.9985785358919688,0.972972972972973,0.9985358711566618,0.9969992498124531,0.9813084112149533
ClinicalRule_fixed,1,0.9201388888888888,0.7713813147304535,0.9720228599732982,,4.0,60.0,0.016,0.8787878787878788,0.9914712153518124,0.9594594594594594,0.924597364568082,0.918979744936234,1.0
ClinicalRule_tuned,1,0.96875,0.8623240433488131,0.9890830307779238,,6.0,60.0,0.203,0.8787878787878788,0.9936034115138592,0.9594594594594594,0.9736456808199122,0.9714928732183046,1.0
ML_Logistic Regression,1,0.9708333333333333,0.8639740523302167,0.9870220705573708,0.9917531598867424,,,2.39,0.9393939393939394,0.9857853589196873,0.9864864864864865,0.9846266471449487,0.9707426856714179,0.9906542056074766
ML_Random Forest,1,0.99375,0.9644706127039436,0.9978464714702996,0.9985463850354176,,,44.31,1.0,0.9957356076759062,1.0,0.9978038067349927,0.9932483120780196,1.0
ML_XGBoost,1,0.9944444444444445,0.973319810982321,0.9923266739292996,0.9974445953755515,,,8.3,1.0,0.997867803837953,0.972972972972973,0.9978038067349927,0.9954988747186797,0.9813084112149533
ClinicalRule_fixed,2,0.9263888888888889,0.8036190669461853,0.9741834992922164,,4.0,60.0,0.016,0.9090909090909091,0.9950248756218906,0.9864864864864865,0.9275256222547584,0.9234808702175544,1.0
ClinicalRule_tuned,2,0.9791666666666666,0.9127742946708465,0.9927006881509625,,6.0,60.0,0.203,0.9090909090909091,0.997867803837953,0.9864864864864865,0.9802342606149341,0.9804951237809453,1.0
ML_Logistic Regression,2,0.9694444444444444,0.8728176983092238,0.9893554954086848,0.9902763701436712,,,2.17,0.9696969696969697,0.9907604832977968,0.972972972972973,0.9773060029282576,0.9692423105776444,1.0
ML_Random Forest,2,0.9868055555555556,0.956487651546139,0.9953707027853135,0.9982555742942761,,,40.49,1.0,0.9992892679459844,1.0,0.986822840409956,0.9857464366091523,1.0
ML_XGBoost,2,0.9902777777777778,0.9694337374075936,0.9965836993655443,0.9976631237941463,,,8.39,1.0,1.0,1.0,0.9897510980966325,0.9894973743435859,1.0
ClinicalRule_fixed,3,0.9173611111111111,0.7841010328406899,0.9710325524993036,,4.0,60.0,0.016,0.9090909090909091,0.9928926794598436,1.0,0.9202049780380673,0.9129782445611403,1.0
ClinicalRule_tuned,3,0.9736111111111111,0.8928281709898883,0.9907698487274983,,6.0,60.0,0.203,0.9090909090909091,0.9957356076759062,1.0,0.9765739385065886,0.9737434358589647,1.0
ML_Logistic Regression,3,0.9597222222222223,0.8602610263203228,0.9859320839850111,0.9911190421088749,,,2.39,1.0,0.9914712153518124,0.9864864864864865,0.9663250366032211,0.9572393098274569,1.0
ML_Random Forest,3,0.9819444444444444,0.9430115889777421,0.9907913091444674,0.9956809529456662,,,40.47,1.0,0.9992892679459844,0.9864864864864865,0.9824304538799414,0.981245311327832,0.9906542056074766
ML_XGBoost,3,0.9833333333333333,0.9455390811209904,0.9855368654450108,0.9953031517532875,,,8.38,1.0,0.9992892679459844,0.9594594594594594,0.9853587115666179,0.9842460615153789,0.9719626168224299
ClinicalRule_fixed,4,0.9125,0.7470214972399513,0.9693315129712935,,4.0,60.0,0.0,0.7575757575757576,0.992181947405828,1.0,0.9158125915080527,0.9114778694673669,1.0
ClinicalRule_tuned,4,0.9694444444444444,0.8630175670961892,0.9892843875165065,,6.0,60.0,0.203,0.7575757575757576,0.997867803837953,1.0,0.9699853587115667,0.972993248312078,1.0
ML_Logistic Regression,4,0.95625,0.8407738095238096,0.9847546413508695,0.9878636045112954,,,2.0,1.0,0.9872068230277186,0.9864864864864865,0.9670571010248902,0.9534883720930233,1.0
ML_Random Forest,4,0.9854166666666667,0.9467161652280199,0.9948968814159697,0.9963390633326058,,,38.06,1.0,0.997867803837953,1.0,0.986822840409956,0.9842460615153789,1.0
ML_XGBoost,4,0.9819444444444444,0.9219619176008447,0.9936767740465212,0.996611932152788,,,8.37,0.9090909090909091,0.997867803837953,1.0,0.9831625183016105,0.9827456864216054,1.0
ClinicalRule_fixed,5,0.9305555555555556,0.7795579242487061,0.9757116252385151,,4.0,60.0,0.016,0.8787878787878788,0.9886282871357498,0.9864864864864865,0.9385065885797951,0.9287321830457614,1.0
ClinicalRule_tuned,5,0.9743055555555555,0.8844298813747701,0.9910209809906059,,6.0,60.0,0.203,0.8787878787878788,0.9950248756218906,0.9864864864864865,0.9780380673499268,0.9759939984996249,1.0
ML_Logistic Regression,5,0.9694444444444444,0.8729930805932175,0.9893626061979027,0.9930680715184561,,,2.31,0.9696969696969697,0.9900497512437811,0.9864864864864865,0.9780380673499268,0.9684921230307577,1.0
ML_Random Forest,5,0.9972222222222222,0.9851910734263676,0.9961668923592587,0.9995678101748005,,,40.16,1.0,0.9985785358919688,0.9864864864864865,0.9992679355783309,0.9977494373593399,0.9906542056074766
ML_XGBoost,5,0.9965277777777778,0.9800043218629596,0.995922870885369,0.9989919394034968,,,9.24,0.9696969696969697,0.9985785358919688,1.0,0.9985358711566618,0.9969992498124531,0.9906542056074766
ClinicalRule_fixed,6,0.9194444444444444,0.7880945676622059,0.9717575061317549,,4.0,60.0,0.0,0.9090909090909091,0.9936034115138592,0.9864864864864865,0.9216691068814056,0.9159789947486872,1.0
ClinicalRule_tuned,6,0.9736111111111111,0.8935153730522942,0.9907627379382804,,6.0,60.0,0.203,0.9090909090909091,0.9964463397299218,0.9864864864864865,0.9758418740849195,0.9744936234058514,1.0
ML_Logistic Regression,6,0.9652777777777778,0.8539219897998525,0.9850627879770354,0.9921412426962737,,,2.38,0.9696969696969697,0.9864960909737029,0.972972972972973,0.9780380673499268,0.9647411852963241,0.9906542056074766
ML_Random Forest,6,0.9916666666666667,0.9597692528375492,0.9942360529357946,0.9987528526081636,,,42.79,1.0,0.9964463397299218,0.9864864864864865,0.9956076134699854,0.991747936984246,0.9906542056074766
ML_XGBoost,6,0.9881944444444445,0.947728027939481,0.9815309722718738,0.997952923637943,,,9.28,1.0,0.9964463397299218,0.9324324324324325,0.9948755490483162,0.9909977494373593,0.9532710280373832
ClinicalRule_fixed,7,0.9277777777777778,0.7924301494476934,0.9747070961860849,,4.0,60.0,0.016,0.9090909090909091,0.9914712153518124,1.0,0.9326500732064422,0.9242310577644411,1.0
ClinicalRule_tuned,7,0.975,0.9017371260757443,0.991243670096842,,6.0,60.0,0.234,0.9090909090909091,0.9971570717839374,1.0,0.9765739385065886,0.9752438109527382,1.0
ML_Logistic Regression,7,0.9694444444444444,0.8750646046042778,0.9893626061979027,0.9918097405300192,,,2.92,0.9696969696969697,0.9900497512437811,1.0,0.9780380673499268,0.967741935483871,1.0
ML_Random Forest,7,0.9951388888888889,0.9811603397566024,0.99829896047199,0.9992577662018738,,,43.22,1.0,0.9992892679459844,1.0,0.9956076134699854,0.994748687171793,1.0
ML_XGBoost,7,0.9930555555555556,0.9741638996525555,0.9918244094030847,0.9988617359213988,,,9.17,1.0,0.9992892679459844,0.972972972972973,0.9948755490483162,0.9939984996249063,0.9813084112149533
ClinicalRule_fixed,8,0.91875,0.7910498780192325,0.971520595447083,,4.0,60.0,0.016,0.9393939393939394,0.9928926794598436,1.0,0.9216691068814056,0.913728432108027,1.0
ClinicalRule_tuned,8,0.9701388888888889,0.8900317460317462,0.9895497413580497,,6.0,60.0,0.21,0.9393939393939394,0.9957356076759062,1.0,0.972913616398243,0.9692423105776444,1.0
ML_Logistic Regression,8,0.9583333333333334,0.8472126209614598,0.9854867057725386,0.9854331985120726,,,2.15,1.0,0.9872068230277186,1.0,0.9692532942898975,0.9549887471867967,1.0
ML_Random Forest,8,0.9784722222222222,0.9227958238500191,0.9924708882555083,0.9952857925884111,,,38.35,1.0,0.9964463397299218,1.0,0.9809663250366032,0.9767441860465116,1.0
ML_XGBoost,8,0.9798611111111111,0.9263484118664889,0.9929589312032877,0.9945293522843209,,,8.3,1.0,0.9964463397299218,1.0,0.9824304538799414,0.978244561140285,1.0
ClinicalRule_fixed,9,0.9138888888888889,0.7383940355162387,0.9698551098651621,,4.0,60.0,0.016,0.7878787878787878,0.9886282871357498,0.972972972972973,0.9209370424597365,0.913728432108027,1.0
ClinicalRule_tuned,9,0.9722222222222222,0.8577811537158885,0.9902960273581546,,6.0,60.0,0.203,0.7878787878787878,0.994314143567875,0.972972972972973,0.9765739385065886,0.9767441860465116,1.0
ML_Logistic Regression,9,0.9798611111111111,0.9066787670944497,0.992987374360159,0.9936616491733634,,,2.55,0.9393939393939394,0.9936034115138592,1.0,0.9853587115666179,0.9797449362340586,1.0
ML_Random Forest,9,0.9958333333333333,0.9806722689075631,0.9985500927350975,0.9991467620397663,,,38.81,1.0,0.9985785358919688,1.0,0.9970717423133236,0.9954988747186797,1.0
ML_XGBoost,9,0.99375,0.9640627548968125,0.994953895779028,0.9991594285973745,,,8.14,0.9696969696969697,0.997867803837953,0.972972972972973,0.9963396778916545,0.9954988747186797,0.9906542056074766
