model,feature,mean_abs_shap,std_abs_shap,top3_frequency,n_runs
Decision Tree,TSH,0.34321,0.00657,10,10
Decision Tree,FTI,0.12346,0.00842,10,10
Decision Tree,TT4,0.02229,0.01647,5,10
Decision Tree,on_thyroxine,0.01171,0.00985,5,10
Decision Tree,T3,0.00808,0.00303,0,10
Decision Tree,T4U,0.00123,0.00226,0,10
Decision Tree,thyroid_surgery,0.00026,0.00078,0,10
Decision Tree,I131_treatment,0.0,0.0,0,10
Decision Tree,goitre,0.0,0.0,0,10
Decision Tree,hypopituitary,0.0,0.0,0,10
Decision Tree,lithium,0.0,0.0,0,10
Decision Tree,pregnant,0.0,0.0,0,10
Decision Tree,query_hypothyroid,0.0,0.0,0,10
Decision Tree,query_on_thyroxine,0.0,0.0,0,10
Decision Tree,sex,0.0,0.0,0,10
Logistic Regression,FTI,3.67753,0.97938,10,10
Logistic Regression,TSH,2.38931,0.79151,10,10
Logistic Regression,on_thyroxine,1.49909,1.31473,6,10
Logistic Regression,TT4,0.56752,0.54458,1,10
Logistic Regression,T3,0.32967,0.0913,3,10
Logistic Regression,T4U,0.15955,0.2265,0,10
Logistic Regression,sex,0.09346,0.14977,0,10
Logistic Regression,pregnant,0.03352,0.03305,0,10
Logistic Regression,query_on_thyroxine,0.02345,0.05648,0,10
Logistic Regression,goitre,0.02055,0.02781,0,10
Logistic Regression,thyroid_surgery,0.0162,0.0486,0,10
Logistic Regression,query_hypothyroid,0.01105,0.01253,0,10
Logistic Regression,lithium,0.00554,0.01661,0,10
Logistic Regression,I131_treatment,0.00048,0.00098,0,10
Logistic Regression,hypopituitary,0.0,0.0,0,10
Random Forest,TSH,0.31989,0.0041,10,10
Random Forest,FTI,0.09876,0.00401,10,10
Random Forest,TT4,0.04116,0.00334,7,10
Random Forest,T3,0.03849,0.00369,3,10
Random Forest,on_thyroxine,0.01202,0.0101,0,10
Random Forest,T4U,0.00342,0.0042,0,10
Random Forest,query_hypothyroid,0.00106,0.00108,0,10
Random Forest,sex,0.00053,0.00082,0,10
Random Forest,pregnant,0.00052,0.00044,0,10
Random Forest,thyroid_surgery,0.00025,0.00074,0,10
Random Forest,goitre,0.00021,0.00027,0,10
Random Forest,query_on_thyroxine,0.00014,0.00031,0,10
Random Forest,I131_treatment,9e-05,0.00019,0,10
Random Forest,lithium,2e-05,6e-05,0,10
Random Forest,hypopituitary,0.0,0.0,0,10
XGBoost,TSH,3.86886,0.18632,10,10
XGBoost,FTI,1.56069,0.13385,10,10
XGBoost,TT4,0.71445,0.22549,7,10
XGBoost,T3,0.59969,0.10483,3,10
XGBoost,on_thyroxine,0.18331,0.15519,0,10
XGBoost,T4U,0.10157,0.12697,0,10
XGBoost,sex,0.01925,0.02963,0,10
XGBoost,query_hypothyroid,0.01131,0.01377,0,10
XGBoost,thyroid_surgery,0.00331,0.00992,0,10
XGBoost,I131_treatment,0.00068,0.00204,0,10
XGBoost,query_on_thyroxine,0.00025,0.00075,0,10
XGBoost,goitre,0.0,0.0,0,10
XGBoost,hypopituitary,0.0,0.0,0,10
XGBoost,lithium,0.0,0.0,0,10
XGBoost,pregnant,0.0,0.0,0,10
