param,value,model,roc_mean,roc_std,f1_mean,f1_std,spec_mean,spec_std,n_sel
theta,0.8,Logistic Regression,0.9909,0.0025,0.8655,0.0183,0.9878,0.0026,8.0
theta,0.8,Random Forest,0.9981,0.0017,0.9623,0.0207,0.9955,0.0025,8.0
theta,0.8,XGBoost,0.9976,0.0017,0.9583,0.0216,0.9918,0.0047,8.0
theta,0.85,Logistic Regression,0.9909,0.0025,0.8655,0.0183,0.9878,0.0026,8.0
theta,0.85,Random Forest,0.9981,0.0017,0.9623,0.0207,0.9955,0.0025,8.0
theta,0.85,XGBoost,0.9976,0.0017,0.9583,0.0216,0.9918,0.0047,8.0
theta,0.9,Logistic Regression,0.9909,0.0025,0.8655,0.0183,0.9878,0.0026,8.0
theta,0.9,Random Forest,0.9981,0.0017,0.9623,0.0207,0.9955,0.0025,8.0
theta,0.9,XGBoost,0.9976,0.0017,0.9583,0.0216,0.9918,0.0047,8.0
theta,0.95,Logistic Regression,0.9909,0.0025,0.8655,0.0183,0.9878,0.0026,8.0
theta,0.95,Random Forest,0.9981,0.0017,0.9623,0.0207,0.9955,0.0025,8.0
theta,0.95,XGBoost,0.9976,0.0017,0.9583,0.0216,0.9918,0.0047,8.0
theta,0.99,Logistic Regression,0.9909,0.0025,0.8655,0.0183,0.9878,0.0026,8.0
theta,0.99,Random Forest,0.9981,0.0017,0.9623,0.0207,0.9955,0.0025,8.0
theta,0.99,XGBoost,0.9976,0.0017,0.9583,0.0216,0.9918,0.0047,8.0
