mode,run_id,rank,feature,ig_nats,ig_bits,entropy_bits,gain_ratio_bits_per_bit,hybrid_score
auto,0,1,TSH,0.23621711834930093,0.3407892652156178,0.6683745918875427,0.5098776484795631,0.2948186864117225
auto,0,2,hypopituitary,0.0007134582461909567,0.0010293026736610303,0.002419170641671246,0.42547749857135964,0.14781599338631354
auto,0,3,FTI,0.11260978555826262,0.1624615791804751,4.07896470611799,0.03982912108475984,0.07010861427117229
auto,0,4,T3,0.08902318272287313,0.12843330423844113,3.8833963474833615,0.03307241722098219,0.05597361773694955
auto,0,5,TT4,0.0864056005474163,0.12465693141479021,4.042215034699862,0.030838767939028077,0.053890702798148025
auto,0,6,on_thyroxine,0.008138603268021072,0.011741522574536712,0.5603828133061002,0.020952681445107313,0.011330947668433941
auto,0,7,pregnant,0.0013590265525227352,0.0019606608677609745,0.07894597351176434,0.024835476472324026,0.009286833523588493
auto,0,8,query_hypothyroid,0.004166541009078095,0.006011048051457466,0.34671411592967816,0.01733718869600138,0.008091882236273603
auto,0,9,psych,0.0030694450283561547,0.004428273120690708,0.27972212281400366,0.015830972095186694,0.0070213193508289915
auto,0,10,thyroid_surgery,0.001374948914481422,0.001983631980398011,0.10983670176698271,0.018059828349436452,0.006946534008144934
auto,0,11,query_on_thyroxine,0.0011158821127519314,0.0016098775902839105,0.11298904501909225,0.014248085644034202,0.005495951252645436
auto,0,12,goitre,0.0006989938344430513,0.0010084349385629512,0.07191329906970816,0.014022926935550763,0.005209473051509089
auto,0,13,T4U,0.008071608332453462,0.011644869313228645,4.556461504109368,0.0025556825845502807,0.004921536255170321
auto,0,14,lithium,0.000852360263365215,0.0012296959250078065,0.09694460606247315,0.012684521346166282,0.0048223002356064075
auto,0,15,sick,0.0016929640949570057,0.0024424309041975443,0.2307099556914764,0.01058658650800995,0.0045155133423690295
auto,0,16,on_antithyroid_medication,0.0006354159070602883,0.0009167113780178404,0.09912643684235471,0.009247900027582755,0.003522785868639758
auto,0,17,sex,0.0015192233929146592,0.002191776054960484,0.8829820461732412,0.002482243058572875,0.0016198915852144715
auto,0,18,I131_treatment,0.00027716312800429854,0.0003998618702890745,0.1212689736905135,0.003297313881011736,0.0012813434740243772
auto,0,19,age,0.0,0.0,5.730549620285814,0.0,0.0
auto,0,20,query_hyperthyroid,0.0,0.0,0.35928022659691966,0.0,0.0
auto,0,21,tumor,0.0,0.0,0.1714057710954184,0.0,0.0
auto,1,1,TSH,0.2320266855633908,0.33474374861620676,0.6632518377015628,0.5047008234092878,0.29092931916791076
auto,1,2,FTI,0.10378110651079897,0.149724487701099,3.8491405885334413,0.038898160318458656,0.06537162833225367
auto,1,3,T3,0.08977418541565618,0.1295167720990135,3.1140375291258207,0.041591268855173405,0.05930152807926514
auto,1,4,TT4,0.08650273836170386,0.12479707165774566,4.044694882051747,0.030854508262538993,0.053944726885723146
auto,1,5,on_thyroxine,0.009133696848084849,0.013177139147715167,0.5636897600568871,0.023376580667993623,0.012668553914618377
auto,1,6,T4U,0.01222711670316623,0.017640000632028533,4.546944205830691,0.0038795287193989143,0.007458100548459461
auto,1,7,query_hypothyroid,0.003269789041361326,0.004717308434725063,0.357312810793364,0.013202181092353577,0.006210421821384013
auto,1,8,I131_treatment,0.0011926652965443818,0.0017206523087649446,0.1222915970693747,0.014070077993786989,0.005472650094098182
auto,1,9,psych,0.002235312467735673,0.003224874212039526,0.284920147350093,0.011318519388752363,0.005040356135081224
auto,1,10,age,0.005180807954944688,0.007474325944396795,5.715109084934145,0.0013078185968661371,0.0030436593640231577
auto,1,11,lithium,0.0004339177250958226,0.0006260109501495638,0.09474868247208958,0.006607067600410832,0.002506794002044777
auto,1,12,sex,0.0019209790288379214,0.0027713869185561663,0.8844509561203503,0.003133454601835402,0.002046462125756358
auto,1,13,pregnant,0.00026172482810071784,0.00037758911157842207,0.08581574260097853,0.004399998183663291,0.0016557855817879042
auto,1,14,tumor,0.0003265129477498796,0.00047105861050478854,0.16682213826686723,0.0028237176156344856,0.0011418824258621872
auto,1,15,thyroid_surgery,0.00014737291287092447,0.000212614170560244,0.10772006687381039,0.001973765675501659,0.0007577415129654476
auto,1,16,on_antithyroid_medication,0.0,0.0,0.0936453124934765,0.0,0.0
auto,1,17,query_on_thyroxine,0.0,0.0,0.11089046231592296,0.0,0.0
auto,1,18,goitre,0.0,0.0,0.06469827329430522,0.0,0.0
auto,1,19,query_hyperthyroid,0.0,0.0,0.36254559436251066,0.0,0.0
auto,1,20,sick,0.0,0.0,0.22989653574654273,0.0,0.0
auto,1,21,hypopituitary,0.0,0.0,0.002419170641671246,0.0,0.0
auto,2,1,hypopituitary,0.0035429584531454505,0.0051114085904285745,0.002419170641671246,2.1128764132093476,0.7340386435704073
auto,2,2,TSH,0.2310442031691593,0.3333263261382883,0.6750203421437881,0.4938018979979001,0.28666079826077673
auto,2,3,FTI,0.10511485911357821,0.15164868596690134,3.9154139977503686,0.03873120085232201,0.06598064089203308
auto,2,4,TT4,0.08448729306899216,0.12188939872876749,4.037069809008521,0.030192541743208685,0.05270758412611786
auto,2,5,T3,0.08091544021341757,0.11673630432724494,3.471122423274278,0.033630707907183234,0.05211323528975834
auto,2,6,goitre,0.004179900655457924,0.006030321947037676,0.07072405093303485,0.08526550540299546,0.031640722662281504
auto,2,7,pregnant,0.0045948912202813386,0.0066290267769241245,0.08354288831032233,0.07934878612552962,0.02979763930202315
auto,2,8,thyroid_surgery,0.0055252000370049625,0.007971178693306576,0.10983670176698271,0.07257299759551016,0.02791448435255826
auto,2,9,lithium,0.004357255656344483,0.0062861911272935715,0.10021218576990475,0.06272880966456958,0.023918776607611165
auto,2,10,on_antithyroid_medication,0.004092503201902575,0.00590423407420705,0.10452177790980757,0.056488075425251166,0.021623526709086478
auto,2,11,I131_treatment,0.004024507135103272,0.0058061364858357405,0.11194123198052665,0.051867720080067646,0.01998823553533731
auto,2,12,query_on_thyroxine,0.003928777830923158,0.005668028293427338,0.11298904501909225,0.05016440569454696,0.019350047101281822
auto,2,13,query_hypothyroid,0.008139667012134089,0.011743057232893336,0.34067222792164265,0.03447025108122363,0.016016312181138827
auto,2,14,on_thyroxine,0.011408356551720678,0.016458779421860536,0.5655711007116176,0.029101167653585076,0.015789874430902726
auto,2,15,psych,0.005251647668183201,0.0075765260473839935,0.26766549040963133,0.028305950220779988,0.012435918628393506
auto,2,16,tumor,0.003499330681877133,0.005048467021174735,0.17954707939967207,0.02811778970744894,0.011494548670586408
auto,2,17,sick,0.003558039924477674,0.005133166554328882,0.22416840416164485,0.022898706771381238,0.009715106980764754
auto,2,18,T4U,0.011965438436974063,0.01726247869508467,4.5657470334143,0.0037808662128553977,0.00729306759624457
auto,2,19,query_hyperthyroid,0.002402575674281149,0.003466184010645871,0.35335933502142136,0.00980923288874181,0.004600908897284211
auto,2,20,sex,0.0037140802043855725,0.005358285092330934,0.8920480054555223,0.006006722799171252,0.003938811588518134
auto,2,21,age,0.0,0.0,5.713650989302844,0.0,0.0
auto,3,1,TSH,0.23589492649540467,0.3403244406257869,0.6976049855836456,0.4878469157449747,0.2870223203444495
auto,3,2,FTI,0.10349194478165158,0.14930731550844317,3.8491064956945853,0.03879012328586178,0.06518960468540967
auto,3,3,T3,0.09071836215218898,0.1308789311945321,3.1163868567448256,0.04199701038759921,0.05991423574715005
auto,3,4,TT4,0.08782063787974104,0.12669839875680786,4.51321206391412,0.028072777649827414,0.053639602279102576
auto,3,5,goitre,0.004951790340774753,0.007143923368157607,0.06952964699480783,0.10274643518020933,0.038085096099261015
auto,3,6,pregnant,0.005076444705451211,0.007323761601901496,0.08919454966160612,0.08210996781311074,0.03099536869548839
auto,3,7,lithium,0.004954720232927645,0.0071481503090369235,0.09912643684235471,0.07211144208010666,0.027469281498432682
auto,3,8,query_on_thyroxine,0.005234633521920884,0.0075519798229463884,0.11194123198052665,0.06746379050207943,0.02599848484916203
auto,3,9,I131_treatment,0.005550042151674761,0.008007018288945891,0.12432891079189166,0.0644019016806482,0.025095019362157432
auto,3,10,on_antithyroid_medication,0.004448199929644181,0.006417395979380296,0.10452177790980757,0.06139769249673981,0.023502918688322945
auto,3,11,thyroid_surgery,0.004041187661949275,0.005830201399195884,0.10129455096896703,0.057556910449452395,0.021968298930864227
auto,3,12,on_thyroxine,0.013115399709948017,0.018921522120818553,0.5546701549740056,0.03411310659336122,0.018380401682638613
auto,3,13,tumor,0.004410814057094425,0.006363459566453457,0.17049258866547423,0.03732396590506325,0.015140907895752271
auto,3,14,query_hypothyroid,0.007148919169649215,0.010313710233768968,0.34336475790326226,0.03003718348009571,0.01398455410541966
auto,3,15,sick,0.004093899843989002,0.005906249002819034,0.23717438613213807,0.02490255840486736,0.01067751899552609
auto,3,16,psych,0.004249781921494389,0.006131139302999525,0.28046750269234444,0.021860426766459096,0.009701137550251336
auto,3,17,sex,0.007057973939601503,0.010182504001386629,0.8928525514148355,0.01140446312802689,0.0074814727012965975
auto,3,18,T4U,0.012148312402280315,0.0175263100579397,4.562292819466899,0.0038415574693392426,0.007405538565555905
auto,3,19,query_hyperthyroid,0.0031521581515820962,0.0045476029333852116,0.361893879196633,0.012566122818843617,0.0059311653770167715
auto,3,20,age,0.004730182433255514,0.006824210738957821,5.721023238822315,0.0011928304525400612,0.0027784947491598508
auto,3,21,hypopituitary,0.004228833463185699,0.00610091706608331,-0.0,0.0,0.0021144167315928497
auto,4,1,TSH,0.23292380641048593,0.33603802041338904,0.6626406434016779,0.5071195432381337,0.29221614400642276
auto,4,2,hypopituitary,0.0007726601664284072,0.0011147129903987041,0.002419170641671246,0.46078311746038675,0.1600815894418588
auto,4,3,FTI,0.10034562653390333,0.14476813777535832,3.869471864012376,0.03741289324822905,0.06313913400275176
auto,4,4,T3,0.08634584930732458,0.12457072859702292,3.117967616283166,0.0399525408623326,0.05701942018112822
auto,4,5,TT4,0.08539501380341386,0.12319896293082976,4.519801443971299,0.027257605108987795,0.05214427296676255
auto,4,6,pregnant,0.0025968937703524375,0.003746525764202904,0.08581574260097853,0.04365779110692594,0.016429084292796603
auto,4,7,goitre,0.0016507614841740903,0.0023815454069084654,0.06712494115449215,0.035479292285585974,0.013121566450095112
auto,4,8,query_on_thyroxine,0.0026053988153604823,0.003758795950458548,0.11921565659308957,0.03152938177622636,0.012229950449174952
auto,4,9,on_thyroxine,0.007724550635282101,0.011144170894617179,0.5608563762191029,0.019869919229096457,0.010748664563442076
auto,4,10,on_antithyroid_medication,0.0015395764718584282,0.0022211393410194813,0.09694460606247315,0.022911427785525483,0.008710284021999104
auto,4,11,thyroid_surgery,0.0016020510678724786,0.002311271130870493,0.11298904501909225,0.020455709935945487,0.007890434368162575
auto,4,12,psych,0.0032847058945439933,0.004738828904837366,0.2863969571159562,0.016546366108569254,0.0073768864556057025
auto,4,13,sick,0.002484276401907959,0.0035840532452300895,0.22826605999748178,0.015701209567703264,0.0066837627725711566
auto,4,14,lithium,0.0008285524844626746,0.0011953485604505305,0.09912643684235471,0.012058827074955683,0.00459354723616407
auto,4,15,T4U,0.007056295625929465,0.010180082706574924,4.566865772493541,0.002229118002085333,0.004300701242105166
auto,4,16,age,0.005789426536625841,0.008352376953981068,5.729858099424855,0.00145769350811986,0.003399911340949829
auto,4,17,query_hyperthyroid,0.0016453146275894337,0.0023736872539253475,0.3696701845147327,0.006421094676690991,0.003048039149423134
auto,4,18,tumor,0.00052280319776421,0.0007542455807753179,0.17049258866547423,0.004423920046464948,0.0017946154524970052
auto,4,19,sex,0.0009085470163225917,0.0013107562748630671,0.8898186912076426,0.0014730599478447281,0.0009647971829834725
auto,4,20,I131_treatment,2.296157469316995e-05,3.312654994083781e-05,0.12024366954564619,0.0002754951679845982,0.00010696013681979136
auto,4,21,query_hypothyroid,0.0,0.0,0.3500455683635319,0.0,0.0
auto,5,1,TSH,0.2332955032401084,0.33657426558619946,0.6685612440182399,0.5034307157303805,0.29112354222794845
auto,5,2,FTI,0.10442192052064625,0.15064898689523784,3.842965378225707,0.039201234481262254,0.06579707283790125
auto,5,3,T3,0.08781500645070706,0.1266902743220674,3.083614354650591,0.04108499304751154,0.058146476772457316
auto,5,4,TT4,0.08957315904748042,0.12922675235455838,4.500877624904318,0.028711456547827568,0.05473721210168824
auto,5,5,on_thyroxine,0.0057405247581778784,0.008281826600723541,0.5618023583916714,0.014741530499120768,0.007979287530390941
auto,5,6,T4U,0.007251903380807612,0.01046228504449705,4.46635458415378,0.0023424662881925996,0.004437788642012516
auto,5,7,query_hypothyroid,0.0011179654118629312,0.0016128831555800383,0.35467993780532864,0.00454743272358626,0.00213500279150139
auto,5,8,sex,0.0019056788565101623,0.002749313435814162,0.8873585092466828,0.0030983119079402025,0.002026632509997109
auto,5,9,age,0.0,0.0,5.7234276351969555,0.0,0.0
auto,5,10,on_antithyroid_medication,0.0,0.0,0.10021218576990475,0.0,0.0
auto,5,11,query_on_thyroxine,0.0,0.0,0.11507593433925518,0.0,0.0
auto,5,12,thyroid_surgery,0.0,0.0,0.10665711981397288,0.0,0.0
auto,5,13,sick,0.0,0.0,0.22989653574654273,0.0,0.0
auto,5,14,goitre,0.0,0.0,0.06591441234324169,0.0,0.0
auto,5,15,lithium,0.0,0.0,0.09584843019732615,0.0,0.0
auto,5,16,query_hyperthyroid,0.0,0.0,0.3644966899546326,0.0,0.0
auto,5,17,I131_treatment,0.0,0.0,0.1222915970693747,0.0,0.0
auto,5,18,pregnant,0.0,0.0,0.08581574260097853,0.0,0.0
auto,5,19,psych,0.0,0.0,0.2774803096692495,0.0,0.0
auto,5,20,tumor,0.0,0.0,0.17322690196275045,0.0,0.0
auto,5,21,hypopituitary,0.0,0.0,-0.0,0.0,0.0
auto,6,1,TSH,0.23347052046239913,0.3368267620648685,0.6960560385226465,0.4839075353462734,0.2844448321196903
auto,6,2,FTI,0.10286390094857922,0.1484012397850088,3.849942372314316,0.03854635353821201,0.06479109861222887
auto,6,3,T3,0.08757699429260346,0.12634689536190008,3.0887495090341788,0.04090551693891376,0.05796526901407931
auto,6,4,TT4,0.08272589209845727,0.11934823428355978,4.509226899032473,0.026467560172929287,0.05053590340431195
auto,6,5,T4U,0.009586370027708124,0.013830208499101106,4.566955842315838,0.003028321047239418,0.005842721111716234
auto,6,6,on_thyroxine,0.0036737514099440816,0.005300102940585164,0.557057158656564,0.009514468772572152,0.005134339307089056
auto,6,7,sex,0.0032398993775837326,0.00467418676501929,0.8875646510399384,0.005266305682112724,0.0034451121565534934
auto,6,8,query_hypothyroid,0.0013959907047089715,0.0020139888668107226,0.3507097296257845,0.005742609048668121,0.002688231987925654
auto,6,9,age,0.003743144282567279,0.005400215693791691,5.7192945987678945,0.0009442100945375524,0.0021988104237261113
auto,6,10,on_antithyroid_medication,0.0,0.0,0.0980372590606497,0.0,0.0
auto,6,11,query_on_thyroxine,0.0,0.0,0.11611507530476972,0.0,0.0
auto,6,12,thyroid_surgery,0.0,0.0,0.10983670176698271,0.0,0.0
auto,6,13,sick,0.0,0.0,0.2307099556914764,0.0,0.0
auto,6,14,goitre,0.0,0.0,0.06712494115449215,0.0,0.0
auto,6,15,lithium,0.0,0.0,0.10021218576990475,0.0,0.0
auto,6,16,query_hyperthyroid,0.0,0.0,0.36644174338024194,0.0,0.0
auto,6,17,I131_treatment,0.0,0.0,0.12024366954564619,0.0,0.0
auto,6,18,pregnant,0.0,0.0,0.07662071971125123,0.0,0.0
auto,6,19,psych,0.0,0.0,0.28121194233478886,0.0,0.0
auto,6,20,tumor,0.0,0.0,0.17231720502620967,0.0,0.0
auto,6,21,hypopituitary,0.0,0.0,0.002419170641671246,0.0,0.0
auto,7,1,TSH,0.23278904053199212,0.33584359434880495,0.6715034394447225,0.5001368192931663,0.2897287333596346
auto,7,2,FTI,0.10717354187253347,0.15461873737400972,3.852999014391683,0.040129451576924685,0.06749457904524783
auto,7,3,T3,0.08835374221479886,0.12746750573727217,3.0792893858674524,0.041395104442683774,0.058523321074114794
auto,7,4,TT4,0.08764030708290727,0.1264382364104962,4.024048842253142,0.03142065152958471,0.05470972155099772
auto,7,5,on_thyroxine,0.005818053001911627,0.008393676213487052,0.5679142940670836,0.014779829106539072,0.0080313249381335
auto,7,6,T4U,0.007463575882400875,0.010767663912838212,4.547934983649853,0.002367594073254423,0.004552333519493808
auto,7,7,sex,0.003293198206844261,0.004751080721678643,0.8877705877743045,0.005351698723861243,0.0035013565442474693
auto,7,8,query_hypothyroid,0.0011297736209539,0.001629918800277359,0.34871512186146614,0.004674069743726806,0.002184795942779341
auto,7,9,age,0.0010303213672628875,0.0014864395270721043,5.723699275178166,0.00025969909591827306,0.0006051655316963026
auto,7,10,on_antithyroid_medication,0.0,0.0,0.09912643684235471,0.0,0.0
auto,7,11,query_on_thyroxine,0.0,0.0,0.11507593433925518,0.0,0.0
auto,7,12,thyroid_surgery,0.0,0.0,0.10452177790980757,0.0,0.0
auto,7,13,sick,0.0,0.0,0.23957921127252463,0.0,0.0
auto,7,14,goitre,0.0,0.0,0.06591441234324169,0.0,0.0
auto,7,15,lithium,0.0,0.0,0.09253826840714671,0.0,0.0
auto,7,16,query_hyperthyroid,0.0,0.0,0.3559977586260591,0.0,0.0
auto,7,17,I131_treatment,0.0,0.0,0.1222915970693747,0.0,0.0
auto,7,18,pregnant,0.0,0.0,0.08807225904068132,0.0,0.0
auto,7,19,psych,0.0,0.0,0.2834396514846075,0.0,0.0
auto,7,20,tumor,0.0,0.0,0.17231720502620967,0.0,0.0
auto,7,21,hypopituitary,0.0,0.0,0.002419170641671246,0.0,0.0
auto,8,1,TSH,0.23442044707197573,0.33819721647371315,0.6589938000386026,0.5132024253542127,0.295072630631387
auto,8,2,hypopituitary,0.0011877614142308257,0.001713577502070074,0.002419170641671246,0.7083326293088376,0.24608326315913223
auto,8,3,FTI,0.10473571396019277,0.15110169513433508,4.066811976936798,0.037154826923695324,0.06524473874327247
auto,8,4,T3,0.0883761450253362,0.12749982616093636,3.458330488643473,0.03686744993851388,0.05696535700232601
auto,8,5,TT4,0.08711957326230846,0.12568697630989514,4.024717678694864,0.03122876841155768,0.05438285301956958
auto,8,6,goitre,0.0019212097447462995,0.0027717197712530377,0.06952964699480783,0.03986385507494599,0.01477636424809769
auto,8,7,I131_treatment,0.002919550358213785,0.004212020823420625,0.12331156713951381,0.0341575484043684,0.013297879364770799
auto,8,8,pregnant,0.0019679549577067412,0.0028391588581763655,0.08125315729988215,0.03494213581957068,0.013093998941892416
auto,8,9,thyroid_surgery,0.0023191923835885753,0.003345887350670692,0.10344930479144064,0.03234325602655173,0.01236891455426068
auto,8,10,lithium,0.0020688267332718002,0.0029846860685497404,0.09694460606247315,0.030787541357335114,0.011704562110740674
auto,8,11,on_thyroxine,0.007332004141892057,0.01057784601528501,0.5556261144346046,0.019037704925064226,0.010263967817516255
auto,8,12,T4U,0.012755130972725626,0.01840176420024048,4.549767517461019,0.004044550436833193,0.007779299852324524
auto,8,13,query_on_thyroxine,0.0014181294660851052,0.0020459283480594947,0.11921565659308957,0.017161574297456218,0.006656813152168454
auto,8,14,query_hypothyroid,0.0030418573745658595,0.0043884725493776875,0.345376533898585,0.012706342552657601,0.005924611445084667
auto,8,15,psych,0.0014760847128443277,0.0021295400951525214,0.2714599571681191,0.0078447669312267,0.003456831396687004
auto,8,16,age,0.005372315664548433,0.00775061316733412,5.725226531596622,0.0013537653269365595,0.0031553371420271607
auto,8,17,on_antithyroid_medication,0.00032758560069301446,0.00047260612158644413,0.10237357637738076,0.004616485408692326,0.0017637447229121134
auto,8,18,sex,0.0,0.0,0.8879763195151349,0.0,0.0
auto,8,19,sick,0.0,0.0,0.22908190566043968,0.0,0.0
auto,8,20,query_hyperthyroid,0.0,0.0,0.36058841446510825,0.0,0.0
auto,8,21,tumor,0.0,0.0,0.17684854451984844,0.0,0.0
auto,9,1,hypopituitary,0.002002706301737822,0.002889294449874232,0.002419170641671246,1.1943326357019097,0.4149255026946224
auto,9,2,TSH,0.23425278762243262,0.33795533501729913,0.7028317318339652,0.4808481457360491,0.28377566205842636
auto,9,3,FTI,0.11378821450267718,0.164161692774622,3.8614301087796212,0.04251318505061889,0.07162805442856844
auto,9,4,T3,0.0830266318170767,0.11978210998421039,3.090116680017276,0.03876297317792607,0.05494753869273847
auto,9,5,TT4,0.08694490287834533,0.12543498021316138,4.046654525041748,0.030997205083089296,0.05421526409346354
auto,9,6,pregnant,0.0034175636751627714,0.004930502166079591,0.08010178456459896,0.06155296280623786,0.02304141314970886
auto,9,7,goitre,0.0027722346387921704,0.0039994891655660714,0.06712494115449215,0.05958275860982015,0.022035927889586405
auto,9,8,on_thyroxine,0.011331583567613768,0.016348019418415252,0.5636897600568871,0.029001803078233003,0.015717050801222855
auto,9,9,thyroid_surgery,0.003023854867317599,0.004362500421447054,0.10665711981397288,0.040902102260168396,0.015687515863963948
auto,9,10,on_antithyroid_medication,0.0025871103368522164,0.0037324112532092684,0.10021218576990475,0.03724508376398395,0.014201717568788344
auto,9,11,I131_treatment,0.0029178661340860668,0.0042095910016238195,0.12534365436848244,0.03358439661584283,0.013098397979582246
auto,9,12,query_on_thyroxine,0.0025569950012029885,0.003688964007813421,0.11507593433925518,0.03205678084616662,0.01238853113127572
auto,9,13,query_hypothyroid,0.005949548109973168,0.008583383553788595,0.35665562996491745,0.024066306074037962,0.011315520155842635
auto,9,14,lithium,0.0020191177956812023,0.002912971230799926,0.09912643684235471,0.029386421257158374,0.011194116418413686
auto,9,15,tumor,0.0028596658696478094,0.00412562576874032,0.16866093149667025,0.024461063579488813,0.009907391561634022
auto,9,16,psych,0.003269441264045936,0.004716806698116816,0.27972212281400366,0.016862472837860992,0.007478808384438971
auto,9,17,query_hyperthyroid,0.002600119659276423,0.0037511797381559967,0.361893879196633,0.010365413602664025,0.0048924384366503485
auto,9,18,T4U,0.0075326334511047754,0.010867292924743178,4.569139449300772,0.0023784113059635006,0.004590611271022636
auto,9,19,age,0.00678832743901836,0.009793486332202266,5.713334793437448,0.0017141453610332305,0.0039882412315442265
auto,9,20,sex,0.000931686478225835,0.0013441394617997153,0.884241730532871,0.0015201040794446286,0.0009926711675252752
auto,9,21,sick,0.0,0.0,0.2339516410234393,0.0,0.0
discrete,0,1,TSH,0.23621711834930093,0.3407892652156178,0.6683745918875427,0.5098776484795631,0.2948186864117225
discrete,0,2,FTI,0.11260978555826262,0.1624615791804751,4.07896470611799,0.03982912108475984,0.07010861427117229
discrete,0,3,T3,0.08902318272287313,0.12843330423844113,3.8833963474833615,0.03307241722098219,0.05597361773694955
discrete,0,4,TT4,0.0864056005474163,0.12465693141479021,4.042215034699862,0.030838767939028077,0.053890702798148025
discrete,0,5,on_thyroxine,0.007442744405852445,0.010737610444927397,0.5603828133061002,0.01916120585775886,0.010362140111143354
discrete,0,6,query_hypothyroid,0.0031353780465217806,0.004523394359029099,0.34671411592967816,0.013046467251230995,0.006089250018990102
discrete,0,7,pregnant,0.000752649760035938,0.0010858440763301161,0.07894597351176434,0.013754267988785417,0.00514319091856423
discrete,0,8,goitre,0.0006716420500511647,0.0009689746548613123,0.07191329906970816,0.013474206681973746,0.005005625210971621
discrete,0,9,T4U,0.008071608332453462,0.011644869313228645,4.556461504109368,0.0025556825845502807,0.004921536255170321
discrete,0,10,thyroid_surgery,0.0007698895965862532,0.0011107159030269921,0.10983670176698271,0.010112429498959742,0.0038896457962007093
discrete,0,11,hypopituitary,1.3373349693117462e-05,1.9293665282334505e-05,0.002419170641671246,0.007975322179435205,0.0027707227162129134
discrete,0,12,psych,0.0011074881465453963,0.0015977676568643528,0.27972212281400366,0.005711981736678899,0.0025333660913671374
discrete,0,13,query_on_thyroxine,0.0003596741669485825,0.0005189001369925891,0.11298904501909225,0.004592481836626867,0.0017714700018896274
discrete,0,14,sex,0.0015903770919144418,0.0022944291436483764,0.8829820461732412,0.002598500335980343,0.0016957601367416435
discrete,0,15,lithium,0.00029524714761766484,0.0004259515957046168,0.09694460606247315,0.00439376271667689,0.0016703856933658287
discrete,0,16,sick,0.0004912974142969476,0.0007087923432077768,0.2307099556914764,0.0030722226142358496,0.0013103999287035154
discrete,0,17,I131_treatment,0.0002510517534307314,0.00036219111968099503,0.1212689736905135,0.0029866758879508967,0.0011606288622051332
discrete,0,18,on_antithyroid_medication,0.00012689508275396224,0.00018307090660233595,0.09912643684235471,0.0018468424007980343,0.00070351434290284
discrete,0,19,tumor,3.840973653054282e-05,5.541353641446578e-05,0.1714057710954184,0.00032328862709817864,0.00013124816845537046
discrete,0,20,query_hyperthyroid,5.209779476092469e-05,7.516123014283707e-05,0.35928022659691966,0.00020919946208715814,9.855190604064775e-05
discrete,0,21,age,0.0,0.0,5.730549620285814,0.0,0.0
discrete,1,1,TSH,0.2320266855633908,0.33474374861620676,0.6632518377015628,0.5047008234092878,0.29092931916791076
discrete,1,2,FTI,0.10378110651079897,0.149724487701099,3.8491405885334413,0.038898160318458656,0.06537162833225367
discrete,1,3,T3,0.08977418541565618,0.1295167720990135,3.1140375291258207,0.041591268855173405,0.05930152807926514
discrete,1,4,TT4,0.08650273836170386,0.12479707165774566,4.044694882051747,0.030854508262538993,0.053944726885723146
discrete,1,5,on_thyroxine,0.007522943769890789,0.010853313669707964,0.5636897600568871,0.019254055047218534,0.01043441887010815
discrete,1,6,T4U,0.01222711670316623,0.017640000632028533,4.546944205830691,0.0038795287193989143,0.007458100548459461
discrete,1,7,pregnant,0.0008337461328425874,0.0012028414112123518,0.08581574260097853,0.014016558905645588,0.005274642209721609
discrete,1,8,goitre,0.0005907228091295014,0.0008522328672711293,0.06469827329430522,0.01317242058966929,0.0048605745010042705
discrete,1,9,thyroid_surgery,0.0008934380221314571,0.0012889586038706971,0.10772006687381039,0.011965816966755999,0.004593755157867368
discrete,1,10,query_hypothyroid,0.002226203330578602,0.003211732505036243,0.357312810793364,0.008988573619557731,0.004228303896115273
discrete,1,11,age,0.005180807954944688,0.007474325944396795,5.715109084934145,0.0013078185968661371,0.0030436593640231577
discrete,1,12,hypopituitary,1.3373349693117462e-05,1.9293665282334505e-05,0.002419170641671246,0.007975322179435205,0.0027707227162129134
discrete,1,13,psych,0.0011692850274880413,0.0016869217105427124,0.284920147350093,0.005920682430589937,0.00263659468062113
discrete,1,14,I131_treatment,0.0004053849776988732,0.0005848468969770474,0.1222915970693747,0.004782396427781442,0.0018601447889677668
discrete,1,15,query_on_thyroxine,0.0003515431362896924,0.0005071695393836921,0.11089046231592296,0.004573608304871257,0.0017608634188983779
discrete,1,16,lithium,0.0002885554455977022,0.00041629751038531007,0.09474868247208958,0.004393702366294607,0.0016670189265071845
discrete,1,17,sex,0.0012962629304998224,0.0018701121015202889,0.8844509561203503,0.002114432788587208,0.0013809380281962743
discrete,1,18,sick,0.00045423326795766546,0.0006553200830893116,0.22989653574654273,0.002850500034541369,0.001215024665043021
discrete,1,19,query_hyperthyroid,0.00014990923462558908,0.00021627330937779745,0.36254559436251066,0.0005965409944023439,0.00028169997149199997
discrete,1,20,tumor,5.8373916096280017e-05,8.421575926937162e-05,0.16682213826686723,0.0005048236411773233,0.00020414549982917358
discrete,1,21,on_antithyroid_medication,3.121476442388411e-05,4.503338583685485e-05,0.0936453124934765,0.0004808931129308908,0.00018227223490131322
discrete,2,1,TSH,0.2310442031691593,0.3333263261382883,0.6750203421437881,0.4938018979979001,0.28666079826077673
discrete,2,2,FTI,0.10511485911357821,0.15164868596690134,3.9154139977503686,0.03873120085232201,0.06598064089203308
discrete,2,3,TT4,0.08448729306899216,0.12188939872876749,4.037069809008521,0.030192541743208685,0.05270758412611786
discrete,2,4,T3,0.08091544021341757,0.11673630432724494,3.471122423274278,0.033630707907183234,0.05211323528975834
discrete,2,5,on_thyroxine,0.007568941524065124,0.010919674401547307,0.5655711007116176,0.019307341531044558,0.010475885435208299
discrete,2,6,T4U,0.011965438436974063,0.01726247869508467,4.5657470334143,0.0037808662128553977,0.00729306759624457
discrete,2,7,pregnant,0.0008067041451613605,0.0011638280696888654,0.08354288831032233,0.013930905349499808,0.005231435955407306
discrete,2,8,query_hypothyroid,0.0025718042481640904,0.0037103292349635023,0.34067222792164265,0.010891199607283564,0.005060504274434138
discrete,2,9,goitre,0.0006581493714341927,0.0009495088343322982,0.07072405093303485,0.01342554366997326,0.00498201355688029
discrete,2,10,thyroid_surgery,0.0009031734270851981,0.0013030038243185052,0.10983670176698271,0.011863100433140733,0.004563024022508081
discrete,2,11,psych,0.0016129536816056706,0.0023270002776360973,0.26766549040963133,0.008693688058427691,0.0038194795239862448
discrete,2,12,hypopituitary,1.3373349693117462e-05,1.9293665282334505e-05,0.002419170641671246,0.007975322179435205,0.0027707227162129134
discrete,2,13,I131_treatment,0.0005169924488165429,0.0007458624420846677,0.11194123198052665,0.0066629822531143424,0.0025677099058418504
discrete,2,14,lithium,0.0003318113950733781,0.00047870265418281123,0.10021218576990475,0.004776890659556854,0.0018214498437941747
discrete,2,15,query_on_thyroxine,0.0003596741669485825,0.0005189001369925891,0.11298904501909225,0.004592481836626867,0.0017714700018896274
discrete,2,16,sex,0.001404278383468266,0.0020259454598572373,0.8920480054555223,0.002271117078301657,0.0014892483915073
discrete,2,17,sick,0.00040982629889809883,0.0005912543690461653,0.22416840416164485,0.0026375455151885817,0.0011190167681747961
discrete,2,18,on_antithyroid_medication,6.879509921366113e-05,9.925034847301314e-05,0.10452177790980757,0.000949566209615256,0.0003634921200817349
discrete,2,19,query_hyperthyroid,6.565089509473834e-05,9.471422078310058e-05,0.35335933502142136,0.00026803939048926156,0.0001257208214456881
discrete,2,20,tumor,2.1831366725222606e-05,3.149600451030698e-05,0.17954707939967207,0.00017541919710106454,7.171134430595741e-05
discrete,2,21,age,0.0,0.0,5.713650989302844,0.0,0.0
discrete,3,1,TSH,0.23589492649540467,0.3403244406257869,0.6976049855836456,0.4878469157449747,0.2870223203444495
discrete,3,2,FTI,0.10349194478165158,0.14930731550844317,3.8491064956945853,0.03879012328586178,0.06518960468540967
discrete,3,3,T3,0.09071836215218898,0.1308789311945321,3.1163868567448256,0.04199701038759921,0.05991423574715005
discrete,3,4,TT4,0.08782063787974104,0.12669839875680786,4.51321206391412,0.028072777649827414,0.053639602279102576
discrete,3,5,on_thyroxine,0.007409585086861485,0.010689771659859884,0.5546701549740056,0.019272303663682037,0.010384064017118897
discrete,3,6,T4U,0.012148312402280315,0.0175263100579397,4.562292819466899,0.0038415574693392426,0.007405538565555905
discrete,3,7,query_hypothyroid,0.00376081539417392,0.0054257097188735864,0.34336475790326226,0.015801591730000418,0.007356822075091529
discrete,3,8,pregnant,0.0008743276285261212,0.001261388133786843,0.08919454966160612,0.014141986685938352,0.005338402913700287
discrete,3,9,goitre,0.0006446591493984438,0.0009300465579008323,0.06952964699480783,0.013376258877841099,0.00495818763850697
discrete,3,10,thyroid_surgery,0.0008669896143154434,0.0012508016170751253,0.10129455096896703,0.012348162908051958,0.0047130419595632755
discrete,3,11,age,0.004730182433255514,0.006824210738957821,5.721023238822315,0.0011928304525400612,0.0027784947491598508
discrete,3,12,sex,0.0020121365585242974,0.0029028994345743895,0.8928525514148355,0.003251264086070129,0.002132870546519807
discrete,3,13,psych,0.0008899472859858772,0.0012839225361444171,0.28046750269234444,0.004577794303492705,0.0020315162503176123
discrete,3,14,query_on_thyroxine,0.0004033714110913628,0.0005819419344178926,0.11194123198052665,0.005198637929176345,0.0020033963172259696
discrete,3,15,lithium,0.0003304833781088328,0.00047678673069384526,0.09912643684235471,0.004809884687445096,0.0018322206940149274
discrete,3,16,sick,0.0005979161210268884,0.0008626106226730571,0.23717438613213807,0.0036370311176386044,0.001559456992913437
discrete,3,17,I131_treatment,0.0002483149803325438,0.00035824279070420143,0.12432891079189166,0.0028814118005181097,0.0011227787229469135
discrete,3,18,on_antithyroid_medication,0.00015945680945838496,0.00023004754824158835,0.10452177790980757,0.002200953263901583,0.0008425206794379883
discrete,3,19,query_hyperthyroid,0.00037793056675487074,0.0005452385544576074,0.361893879196633,0.0015066255214552786,0.0007111218995556272
discrete,3,20,tumor,9.317034948623081e-05,0.0001344164011616768,0.17049258866547423,0.0007884002595832983,0.0003198238832845615
discrete,3,21,hypopituitary,0.0,0.0,-0.0,0.0,0.0
discrete,4,1,TSH,0.23292380641048593,0.33603802041338904,0.6626406434016779,0.5071195432381337,0.29221614400642276
discrete,4,2,FTI,0.10034562653390333,0.14476813777535832,3.869471864012376,0.03741289324822905,0.06313913400275176
discrete,4,3,T3,0.08634584930732458,0.12457072859702292,3.117967616283166,0.0399525408623326,0.05701942018112822
discrete,4,4,TT4,0.08539501380341386,0.12319896293082976,4.519801443971299,0.027257605108987795,0.05214427296676255
discrete,4,5,on_thyroxine,0.007454178228574327,0.01075410596426666,0.5608563762191029,0.019174438270175446,0.010372443027183577
discrete,4,6,query_hypothyroid,0.003208692601977224,0.004629164904609646,0.3500455683635319,0.013224463678365746,0.006187596157526922
discrete,4,7,pregnant,0.0008337461328425874,0.0012028414112123518,0.08581574260097853,0.014016558905645588,0.005274642209721609
discrete,4,8,goitre,0.0006176860714750612,0.0008911326321432567,0.06712494115449215,0.013275730552656795,0.004909860636961321
discrete,4,9,thyroid_surgery,0.0009185641510397321,0.0013252079454434023,0.11298904501909225,0.011728640995308416,0.004524119294368776
discrete,4,10,T4U,0.007056295625929465,0.010180082706574924,4.566865772493541,0.002229118002085333,0.004300701242105166
discrete,4,11,psych,0.0015297215428657113,0.0022069216838333755,0.2863969571159562,0.007705814007416751,0.003435492398012983
discrete,4,12,age,0.005789426536625841,0.008352376953981068,5.729858099424855,0.00145769350811986,0.003399911340949829
discrete,4,13,on_antithyroid_medication,0.0005553204532883498,0.0008011580640633135,0.09694460606247315,0.00826408086633274,0.003141772402853139
discrete,4,14,hypopituitary,1.3373349693117462e-05,1.9293665282334505e-05,0.002419170641671246,0.007975322179435205,0.0027707227162129134
discrete,4,15,sick,0.0008867906731888902,0.0012793685065161974,0.22826605999748178,0.005604725058664904,0.0023858450227080713
discrete,4,16,lithium,0.0003965579014452965,0.0005721121178404636,0.09912643684235471,0.0057715392185895675,0.0021985420191509026
discrete,4,17,query_on_thyroxine,0.0003806754345755401,0.0005491985616503828,0.11921565659308957,0.0046067653976047535,0.0017869209407131948
discrete,4,18,sex,0.0010487503055461797,0.0015130268649422587,0.8898186912076426,0.001700376582208125,0.0011136807696969487
discrete,4,19,query_hyperthyroid,8.533118370475119e-05,0.00012310687556402967,0.3696701845147327,0.00033301813540980986,0.00015808088266969548
discrete,4,20,I131_treatment,2.6842402446526636e-05,3.872540089514976e-05,0.12024366954564619,0.00032205771032400995,0.00012503789816760286
discrete,4,21,tumor,1.2379795345514137e-05,1.786026935219352e-05,0.17049258866547423,0.00010475686651184958,4.2495861006248604e-05
discrete,5,1,TSH,0.2332955032401084,0.33657426558619946,0.6685612440182399,0.5034307157303805,0.29112354222794845
discrete,5,2,FTI,0.10442192052064625,0.15064898689523784,3.842965378225707,0.039201234481262254,0.06579707283790125
discrete,5,3,T3,0.08781500645070706,0.1266902743220674,3.083614354650591,0.04108499304751154,0.058146476772457316
discrete,5,4,TT4,0.08957315904748042,0.12922675235455838,4.500877624904318,0.028711456547827568,0.05473721210168824
discrete,5,5,on_thyroxine,0.007760855785874531,0.011196548155335604,0.5618023583916714,0.01992969233409623,0.010787532918340243
discrete,5,6,pregnant,0.0008337461328425874,0.0012028414112123518,0.08581574260097853,0.014016558905645588,0.005274642209721609
discrete,5,7,query_hypothyroid,0.002591368800094196,0.00373855491701028,0.35467993780532864,0.01054064388342061,0.004948793194586812
discrete,5,8,goitre,0.0006042032138002945,0.000871680980238859,0.06591441234324169,0.013224436799746563,0.004885342148018905
discrete,5,9,thyroid_surgery,0.0008887355537028829,0.0012821743759888562,0.10665711981397288,0.012021460716482428,0.00461068857777241
discrete,5,10,T4U,0.007251903380807612,0.01046228504449705,4.46635458415378,0.0023424662881925996,0.004437788642012516
discrete,5,11,psych,0.0008604465394384195,0.0012413619553978776,0.2774803096692495,0.004473693851909998,0.001980687409789098
discrete,5,12,query_on_thyroxine,0.00036620709593276554,0.0005283251612405497,0.11507593433925518,0.004591100339697473,0.001774257676030938
discrete,5,13,lithium,0.0003031898442522221,0.000437410484750578,0.09584843019732615,0.004563564409406641,0.0017332058239680737
discrete,5,14,on_antithyroid_medication,0.00030817419641467774,0.000444601384897397,0.10021218576990475,0.0044366000150301175,0.0016916954940525072
discrete,5,15,sex,0.001373786103149869,0.00198195439825649,0.8873585092466828,0.002233544139827795,0.0014609804631638464
discrete,5,16,sick,0.00045423326795766546,0.0006553200830893116,0.22989653574654273,0.002850500034541369,0.001215024665043021
discrete,5,17,I131_treatment,0.00026361748049910476,0.0003803196318077015,0.1222915970693747,0.003109940837462776,0.0012096321018473315
discrete,5,18,query_hyperthyroid,0.00013692303086651394,0.00019753817761460613,0.3644966899546326,0.0005419477955716168,0.00025628630868882883
discrete,5,19,tumor,1.2121712890945414e-05,1.748793507484677e-05,0.17322690196275045,0.0001009539215710635,4.104881949719896e-05
discrete,5,20,age,0.0,0.0,5.7234276351969555,0.0,0.0
discrete,5,21,hypopituitary,0.0,0.0,-0.0,0.0,0.0
discrete,6,1,TSH,0.23347052046239913,0.3368267620648685,0.6960560385226465,0.4839075353462734,0.2844448321196903
discrete,6,2,FTI,0.10286390094857922,0.1484012397850088,3.849942372314316,0.03854635353821201,0.06479109861222887
discrete,6,3,T3,0.08757699429260346,0.12634689536190008,3.0887495090341788,0.04090551693891376,0.05796526901407931
discrete,6,4,TT4,0.08272589209845727,0.11934823428355978,4.509226899032473,0.026467560172929287,0.05053590340431195
discrete,6,5,on_thyroxine,0.007362925911824029,0.010622456699421376,0.557057158656564,0.019068881055258544,0.010290233525854722
discrete,6,6,T4U,0.009586370027708124,0.013830208499101106,4.566955842315838,0.003028321047239418,0.005842721111716234
discrete,6,7,query_hypothyroid,0.002874652737495431,0.004147247248662542,0.3507097296257845,0.011825298525581045,0.0055356625348908055
discrete,6,8,pregnant,0.0007256373481981798,0.0010468734037293321,0.07662071971125123,0.013663058865289446,0.0050980740392490625
discrete,6,9,goitre,0.0006176860714750612,0.0008911326321432567,0.06712494115449215,0.013275730552656795,0.004909860636961321
discrete,6,10,thyroid_surgery,0.0008052791808066439,0.0011617722806808721,0.10983670176698271,0.010577268453808648,0.00406844149379488
discrete,6,11,psych,0.0014114708005632595,0.0020363219243321896,0.28121194233478886,0.007241235587003142,0.003215356415732414
discrete,6,12,hypopituitary,1.3373349693117462e-05,1.9293665282334505e-05,0.002419170641671246,0.007975322179435205,0.0027707227162129134
discrete,6,13,age,0.003743144282567279,0.005400215693791691,5.7192945987678945,0.0009442100945375524,0.0021988104237261113
discrete,6,14,lithium,0.00039533674642810816,0.0005703503635530093,0.10021218576990475,0.005691427236772265,0.002170166744479442
discrete,6,15,query_on_thyroxine,0.00036965279927710613,0.0005332962603678044,0.11611507530476972,0.004592825341269921,0.0017765783676913101
discrete,6,16,sex,0.0016560492954442382,0.0023891741060050645,0.8875646510399384,0.002691831071914631,0.0017609422067427598
discrete,6,17,sick,0.000456010485728081,0.0006578840663532698,0.2307099556914764,0.0028515634029690202,0.0012162818093419902
discrete,6,18,query_hyperthyroid,0.00036724303219690807,0.0005298197013515053,0.36644174338024194,0.0014458497453448875,0.0006847148533480158
discrete,6,19,on_antithyroid_medication,0.00012067713500097201,0.0001741003042145903,0.0980372590606497,0.0017758585448121222,0.0006758042392053909
discrete,6,20,I131_treatment,3.7426614640182626e-05,5.399519133865375e-05,0.12024366954564619,0.0004490480999310102,0.00017434151952158147
discrete,6,21,tumor,3.786271573386112e-05,5.462435222382997e-05,0.17231720502620967,0.0003169988290792236,0.0001287947801754645
discrete,7,1,TSH,0.23278904053199212,0.33584359434880495,0.6715034394447225,0.5001368192931663,0.2897287333596346
discrete,7,2,FTI,0.10717354187253347,0.15461873737400972,3.852999014391683,0.040129451576924685,0.06749457904524783
discrete,7,3,T3,0.08835374221479886,0.12746750573727217,3.0792893858674524,0.041395104442683774,0.058523321074114794
discrete,7,4,TT4,0.08764030708290727,0.1264382364104962,4.024048842253142,0.03142065152958471,0.05470972155099772
discrete,7,5,on_thyroxine,0.007626610826116032,0.01100287361762768,0.5679142940670836,0.01937417975309601,0.010527884448818055
discrete,7,6,query_hypothyroid,0.002905809182706838,0.004192196497660767,0.34871512186146614,0.01202183741063623,0.005619355944519707
discrete,7,7,pregnant,0.0008607979935425156,0.0012418689964909572,0.08807225904068132,0.014100569350710383,0.005317283941638698
discrete,7,8,goitre,0.0006042032138002945,0.000871680980238859,0.06591441234324169,0.013224436799746563,0.004885342148018905
discrete,7,9,T4U,0.007463575882400875,0.010767663912838212,4.547934983649853,0.002367594073254423,0.004552333519493808
discrete,7,10,thyroid_surgery,0.0007239359467237838,0.0010444188002596596,0.10452177790980757,0.00999235586243952,0.003825054619962689
discrete,7,11,hypopituitary,1.3373349693117462e-05,1.9293665282334505e-05,0.002419170641671246,0.007975322179435205,0.0027707227162129134
discrete,7,12,psych,0.0010241763639989904,0.0014775741613370333,0.2834396514846075,0.005213011495013293,0.0023187802919970198
discrete,7,13,lithium,0.0003515103065681708,0.0005071221761072592,0.09253826840714671,0.005480134703521361,0.002075025112701357
discrete,7,14,query_on_thyroxine,0.00037266382892610014,0.0005376402579103778,0.11507593433925518,0.004672047730854736,0.0018055402705047748
discrete,7,15,sex,0.0012722469293486582,0.0018354643357575207,0.8877705877743045,0.0020674984743041277,0.0013526638338122764
discrete,7,16,sick,0.00047929011901649853,0.0006914694778521835,0.23957921127252463,0.0028861831298991184,0.0012399199090428756
discrete,7,17,age,0.0010303213672628875,0.0014864395270721043,5.723699275178166,0.00025969909591827306,0.0006051655316963026
discrete,7,18,on_antithyroid_medication,4.82944125197028e-05,6.96741094448211e-05,0.09912643684235471,0.0007028812056961568,0.00026774726925828443
discrete,7,19,query_hyperthyroid,0.00010892847467404865,0.00015715057022384904,0.3559977586260591,0.0004414369653053882,0.00020745463128520844
discrete,7,20,I131_treatment,1.8727699660984597e-05,2.70183594281604e-05,0.1222915970693747,0.0002209338995925635,8.593370462684203e-05
discrete,7,21,tumor,9.057050695060378e-06,1.3066562122843547e-05,0.17231720502620967,7.582854028290604e-05,3.080869479906646e-05
discrete,8,1,TSH,0.23442044707197573,0.33819721647371315,0.6589938000386026,0.5132024253542127,0.295072630631387
discrete,8,2,FTI,0.10473571396019277,0.15110169513433508,4.066811976936798,0.037154826923695324,0.06524473874327247
discrete,8,3,T3,0.0883761450253362,0.12749982616093636,3.458330488643473,0.03686744993851388,0.05696535700232601
discrete,8,4,TT4,0.08711957326230846,0.12568697630989514,4.024717678694864,0.03122876841155768,0.05438285301956958
discrete,8,5,on_thyroxine,0.007374032385457653,0.01063847995385437,0.5556261144346046,0.019146832154677888,0.010322802555063567
discrete,8,6,T4U,0.012755130972725626,0.01840176420024048,4.549767517461019,0.004044550436833193,0.007779299852324524
discrete,8,7,pregnant,0.0007796720232950902,0.001124828961527691,0.08125315729988215,0.013843510811062094,0.00518763125551695
discrete,8,8,goitre,0.0006446591493984438,0.0009300465579008323,0.06952964699480783,0.013376258877841099,0.00495818763850697
discrete,8,9,thyroid_surgery,0.0008753226318147832,0.0012628236200970637,0.10344930479144064,0.012207173577732365,0.004668345289912917
discrete,8,10,query_hypothyroid,0.0020609186251311536,0.002973277080152416,0.345376533898585,0.008608798769799654,0.0040140416102128545
discrete,8,11,age,0.005372315664548433,0.00775061316733412,5.725226531596622,0.0013537653269365595,0.0031553371420271607
discrete,8,12,hypopituitary,1.3373349693117462e-05,1.9293665282334505e-05,0.002419170641671246,0.007975322179435205,0.0027707227162129134
discrete,8,13,lithium,0.0003283496216398901,0.0004737083708176369,0.09694460606247315,0.00488638192523556,0.0018576657381279978
discrete,8,14,query_on_thyroxine,0.00039529431102601226,0.0005702891422088474,0.11921565659308957,0.004783676561465342,0.0018555431161582038
discrete,8,15,psych,0.0007300184505054849,0.0010531939983017082,0.2714599571681191,0.003879739793982102,0.0017096245750052009
discrete,8,16,sex,0.0015412689499204497,0.002223581070726373,0.8879763195151349,0.0025040995146559985,0.001638489234172891
discrete,8,17,sick,0.0004525148138123322,0.0006528408778158442,0.22908190566043968,0.002849814244083853,0.0012139277611093132
discrete,8,18,I131_treatment,0.00023087653563374968,0.0003330844330164347,0.12331156713951381,0.0027011613001145644,0.001051589437522898
discrete,8,19,on_antithyroid_medication,6.021328869278489e-05,8.686941299269626e-05,0.10237357637738076,0.0008485530745904597,0.0003241927299503175
discrete,8,20,query_hyperthyroid,5.878970466530534e-05,8.481561537596277e-05,0.36058841446510825,0.00023521447715268902,0.0001109139781652867
discrete,8,21,tumor,1.3106920756711903e-05,1.8909289577032883e-05,0.17684854451984844,0.00010692363699269062,4.361036913670523e-05
discrete,9,1,TSH,0.23425278762243262,0.33795533501729913,0.7028317318339652,0.4808481457360491,0.28377566205842636
discrete,9,2,FTI,0.11378821450267718,0.164161692774622,3.8614301087796212,0.04251318505061889,0.07162805442856844
discrete,9,3,T3,0.0830266318170767,0.11978210998421039,3.090116680017276,0.03876297317792607,0.05494753869273847
discrete,9,4,TT4,0.08694490287834533,0.12543498021316138,4.046654525041748,0.030997205083089296,0.05421526409346354
discrete,9,5,on_thyroxine,0.007486434770663925,0.01080064231757555,0.5636897600568871,0.019160614726204,0.010383780422963798
discrete,9,6,query_hypothyroid,0.0030429250788719144,0.004390012921085169,0.35665562996491745,0.012308828326934543,0.00578737736484149
discrete,9,7,pregnant,0.0007661596597883721,0.0011053347417058598,0.08010178456459896,0.013799127543789631,0.005165493005476619
discrete,9,8,goitre,0.0006176860714750612,0.0008911326321432567,0.06712494115449215,0.013275730552656795,0.004909860636961321
discrete,9,9,thyroid_surgery,0.0008887355537028829,0.0012821743759888562,0.10665711981397288,0.012021460716482428,0.00461068857777241
discrete,9,10,T4U,0.0075326334511047754,0.010867292924743178,4.569139449300772,0.0023784113059635006,0.004590611271022636
discrete,9,11,age,0.00678832743901836,0.009793486332202266,5.713334793437448,0.0017141453610332305,0.0039882412315442265
discrete,9,12,psych,0.0013142481220397833,0.0018960592481644285,0.27972212281400366,0.006778367149095325,0.003006327100117681
discrete,9,13,hypopituitary,1.3373349693117462e-05,1.9293665282334505e-05,0.002419170641671246,0.007975322179435205,0.0027707227162129134
discrete,9,14,query_on_thyroxine,0.0004256614209433643,0.0006140996210927413,0.11507593433925518,0.005336473039419159,0.0020623113311754584
discrete,9,15,lithium,0.0003304833781088328,0.00047678673069384526,0.09912643684235471,0.004809884687445096,0.0018322206940149274
discrete,9,16,I131_treatment,0.0004057186870291508,0.0005853283377729373,0.12534365436848244,0.0046697883567965275,0.0018212846601771617
discrete,9,17,sex,0.001489675783971179,0.002149147866067599,0.884241730532871,0.002430498122690982,0.0015871843525353366
discrete,9,18,sick,0.0005410863707208599,0.0007806226237315918,0.2339516410234393,0.003336683685198197,0.001426949629768179
discrete,9,19,on_antithyroid_medication,5.213565968314104e-05,7.521585767834225e-05,0.10021218576990475,0.0007505659825671635,0.00028619417716188773
discrete,9,20,query_hyperthyroid,0.00014715777789017954,0.00021230379639040157,0.361893879196633,0.0005866465519149078,0.00027689509066760573
discrete,9,21,tumor,1.3046464693178099e-05,1.8822069913980994e-05,0.16866093149667025,0.00011159709451883934,4.519983805879666e-05
