mode,w,run_id,model,roc_auc_ovr,f1_macro,specificity_macro
auto,0.5,0,Logistic Regression,0.9914536377331826,0.8616254410314322,0.988185163563761
auto,0.5,0,Random Forest,0.9997534042317162,0.9828588084771318,0.995922870885369
auto,0.5,0,XGBoost,0.9994751520656675,0.9804363186716127,0.9928076060878613
auto,0.5,1,Logistic Regression,0.9917531598867424,0.8639740523302167,0.9870220705573708
auto,0.5,1,Random Forest,0.9985463850354176,0.9644706127039436,0.9978464714702996
auto,0.5,1,XGBoost,0.9974445953755515,0.973319810982321,0.9923266739292996
auto,0.5,2,Logistic Regression,0.9902828602786661,0.8728176983092238,0.9893554954086848
auto,0.5,2,Random Forest,0.9982506092934933,0.956487651546139,0.9953707027853135
auto,0.5,2,XGBoost,0.9977605945989914,0.9646571213262999,0.9903531697705287
auto,0.5,3,Logistic Regression,0.9911190421088749,0.8602610263203228,0.9859320839850111
auto,0.5,3,Random Forest,0.9956809529456662,0.9430115889777421,0.9907913091444674
auto,0.5,3,XGBoost,0.9953031517532875,0.9455390811209904,0.9855368654450108
auto,0.5,4,Logistic Regression,0.9878636045112954,0.8407738095238096,0.9847546413508695
auto,0.5,4,Random Forest,0.9963390633326058,0.9467161652280199,0.9948968814159697
auto,0.5,4,XGBoost,0.996611932152788,0.9219619176008447,0.9936767740465212
auto,0.5,5,Logistic Regression,0.9930680715184561,0.8729930805932175,0.9893626061979027
auto,0.5,5,Random Forest,0.9995678101748005,0.9851910734263676,0.9961668923592587
auto,0.5,5,XGBoost,0.9989919394034968,0.9800043218629596,0.995922870885369
auto,0.5,6,Logistic Regression,0.9921477328312684,0.8539219897998525,0.9850627879770354
auto,0.5,6,Random Forest,0.9987528526081636,0.9597692528375492,0.9942360529357946
auto,0.5,6,XGBoost,0.997952923637943,0.947728027939481,0.9815309722718738
auto,0.5,7,Logistic Regression,0.9918097405300192,0.8750646046042778,0.9893626061979027
auto,0.5,7,Random Forest,0.9992577662018738,0.9811603397566024,0.99829896047199
auto,0.5,7,XGBoost,0.9988617359213988,0.9741638996525555,0.9918244094030847
auto,0.5,8,Logistic Regression,0.9854331985120726,0.8472126209614598,0.9854867057725386
auto,0.5,8,Random Forest,0.9952857925884111,0.9227958238500191,0.9924708882555083
auto,0.5,8,XGBoost,0.9945293522843209,0.9263484118664889,0.9929589312032877
auto,0.5,9,Logistic Regression,0.9936616491733634,0.9066787670944497,0.992987374360159
auto,0.5,9,Random Forest,0.9991467620397663,0.9806722689075631,0.9985500927350975
auto,0.5,9,XGBoost,0.9991594285973745,0.9640627548968125,0.994953895779028
auto,1.0,0,Logistic Regression,0.9920107242473027,0.866477966104002,0.9886660957223227
auto,1.0,0,Random Forest,0.9997858400925461,0.9828588084771318,0.995922870885369
auto,1.0,0,XGBoost,0.9993443918662068,0.9750673161356773,0.9868210979667354
auto,1.0,1,Logistic Regression,0.9916355174481981,0.8679905246299091,0.9843948487076425
auto,1.0,1,Random Forest,0.9985752233993477,0.9711771905308795,0.9980762713657537
auto,1.0,1,XGBoost,0.9975339673515825,0.9619036304078481,0.9913576988229588
auto,1.0,2,Logistic Regression,0.994377371665807,0.8817941793637462,0.9915587994629099
auto,1.0,2,Random Forest,0.9998060751464509,0.9856266148440535,0.9987870034197693
auto,1.0,2,XGBoost,0.9999380301385525,0.9930019671087479,0.9992679355783309
auto,1.0,3,Logistic Regression,0.9947046441186798,0.8926748464431737,0.9912934456213668
auto,1.0,3,Random Forest,0.999086287817627,0.9809901175504624,0.9954277171483717
auto,1.0,3,XGBoost,0.9986112257003905,0.9739051346181804,0.9889531660794666
auto,1.0,4,Logistic Regression,0.9926650280981856,0.8632265303382214,0.9888887848285588
auto,1.0,4,Random Forest,0.9992484590612878,0.9682784026573402,0.9983060712612076
auto,1.0,4,XGBoost,0.9989493609123755,0.9513095934879457,0.9975882284179742
auto,1.0,5,Logistic Regression,0.9930680715184561,0.8729930805932175,0.9893626061979027
auto,1.0,5,Random Forest,0.9992246788800195,0.9780445221799369,0.9956859602006971
auto,1.0,5,XGBoost,0.9989919394034968,0.9800043218629596,0.995922870885369
auto,1.0,6,Logistic Regression,0.9917393031813199,0.8494445860960685,0.9848329880815814
auto,1.0,6,Random Forest,0.9982468906815939,0.9597692528375492,0.9942360529357946
auto,1.0,6,XGBoost,0.9979419321710337,0.9499123079463475,0.9817749937457635
auto,1.0,7,Logistic Regression,0.9918097405300192,0.8750646046042778,0.9893626061979027
auto,1.0,7,Random Forest,0.9990545830805696,0.9811603397566024,0.99829896047199
auto,1.0,7,XGBoost,0.9988617359213988,0.9741638996525555,0.9918244094030847
auto,1.0,8,Logistic Regression,0.990890041545741,0.8764539976374311,0.9896279600394458
auto,1.0,8,Random Forest,0.9984832500096175,0.9667745171808377,0.9980904929441893
auto,1.0,8,XGBoost,0.9973792558213945,0.9621952723173396,0.9976024499964099
auto,1.0,9,Logistic Regression,0.9933540298591425,0.8995734691297832,0.9891471559302
auto,1.0,9,Random Forest,0.9990039843951384,0.9784253093657336,0.9983060712612076
auto,1.0,9,XGBoost,0.9990286538505391,0.9644642774627527,0.9947027635159205
discrete,0.5,0,Logistic Regression,0.9914206934942821,0.8616254410314322,0.988185163563761
discrete,0.5,0,Random Forest,0.9997723736657023,0.9828588084771318,0.995922870885369
discrete,0.5,0,XGBoost,0.9994751520656675,0.9804363186716127,0.9928076060878613
discrete,0.5,1,Logistic Regression,0.9920677072733979,0.8683894495241021,0.9872518704528249
discrete,0.5,1,Random Forest,0.9985011564299845,0.9689000444430126,0.9980833821549715
discrete,0.5,1,XGBoost,0.9977684014301161,0.971046517327582,0.9920826524554099
discrete,0.5,2,Logistic Regression,0.993992846435692,0.8903411879107547,0.9917957101475818
discrete,0.5,2,Random Forest,0.9994469820587202,0.9833797497352785,0.9985429819458796
discrete,0.5,2,XGBoost,0.9995576873225903,0.9884804228593604,0.9987798926305516
discrete,0.5,3,Logistic Regression,0.9944526199475138,0.8882424590913911,0.9908267350412409
discrete,0.5,3,Random Forest,0.9988018312823368,0.9809901175504624,0.9954277171483717
discrete,0.5,3,XGBoost,0.9982018868901699,0.9717171229632804,0.9887091446055769
discrete,0.5,4,Logistic Regression,0.9928453226221042,0.8395179530675714,0.987682899037546
discrete,0.5,4,Random Forest,0.9994073488555071,0.966195957925183,0.9980762713657537
discrete,0.5,4,XGBoost,0.9990414329426269,0.9537656833778344,0.9975811176287565
discrete,0.5,5,Logistic Regression,0.9924395306327262,0.8746160557700332,0.9898577599348998
discrete,0.5,5,Random Forest,0.9996194083202602,0.9734672125173285,0.9951979172529177
discrete,0.5,5,XGBoost,0.999140106867371,0.9779852575235962,0.9925564738247538
discrete,0.5,6,Logistic Regression,0.992076549011114,0.8508045211906138,0.9848258772923636
discrete,0.5,6,Random Forest,0.9988563051699328,0.9597692528375492,0.9942360529357946
discrete,0.5,6,XGBoost,0.9979217608041041,0.9502367396959622,0.9846462370693816
discrete,0.5,7,Logistic Regression,0.9920104710459896,0.8746910684548395,0.988881674039341
discrete,0.5,7,Random Forest,0.999223027825582,0.9759094706463128,0.9951836956744821
discrete,0.5,7,XGBoost,0.9987429096074985,0.9691651866663088,0.991580387929195
discrete,0.5,8,Logistic Regression,0.9906613765008548,0.8800089305171962,0.9901160029872251
discrete,0.5,8,Random Forest,0.9985518824505326,0.9712038542735245,0.9983274036288612
discrete,0.5,8,XGBoost,0.9977273787685729,0.9757560568086884,0.9985643143135331
discrete,0.5,9,Logistic Regression,0.9936156058845502,0.9006193955605477,0.9927504636754872
discrete,0.5,9,Random Forest,0.9992489584705034,0.9806722689075631,0.9985500927350975
discrete,0.5,9,XGBoost,0.9991688798491584,0.9640627548968125,0.994953895779028
discrete,1.0,0,Logistic Regression,0.9920040412616639,0.8693839564037585,0.9862828953464841
discrete,1.0,0,Random Forest,0.9997608666804195,0.9805558747415821,0.9956788494114793
discrete,1.0,0,XGBoost,0.9994032966450863,0.9781341913231759,0.9925635846139717
discrete,1.0,1,Logistic Regression,0.9916355174481981,0.8679905246299091,0.9843948487076425
discrete,1.0,1,Random Forest,0.9985752233993477,0.9711771905308795,0.9980762713657537
discrete,1.0,1,XGBoost,0.9975339673515825,0.9619036304078481,0.9913576988229588
discrete,1.0,2,Logistic Regression,0.9939880262130305,0.8961505814446991,0.9920326208322537
discrete,1.0,2,Random Forest,0.9992813054464681,0.9833797497352785,0.9985429819458796
discrete,1.0,2,XGBoost,0.9995462321868124,0.9884804228593604,0.9987798926305516
discrete,1.0,3,Logistic Regression,0.9945208423841101,0.8936545469141954,0.9913076671998025
discrete,1.0,3,Random Forest,0.9988963112087196,0.9809901175504624,0.9954277171483717
discrete,1.0,3,XGBoost,0.9983884384466502,0.9698640707479859,0.9913363664553053
discrete,1.0,4,Logistic Regression,0.9927910231409178,0.8476129196891171,0.9884007418807794
discrete,1.0,4,Random Forest,0.9996740047512541,0.9634792522228408,0.9980691605765358
discrete,1.0,4,XGBoost,0.999273073918446,0.9607456304186858,0.9980620497873179
discrete,1.0,5,Logistic Regression,0.9930680715184561,0.8729930805932175,0.9893626061979027
discrete,1.0,5,Random Forest,0.9991876231741218,0.9804363186716127,0.9928076060878613
discrete,1.0,5,XGBoost,0.9989919394034968,0.9800043218629596,0.995922870885369
discrete,1.0,6,Logistic Regression,0.991765875798379,0.8481696532413441,0.9848400988707993
discrete,1.0,6,Random Forest,0.9987931162128137,0.9597692528375492,0.9942360529357946
discrete,1.0,6,XGBoost,0.9977418475240605,0.947728027939481,0.9815309722718738
discrete,1.0,7,Logistic Regression,0.9918097405300192,0.8750646046042778,0.9893626061979027
discrete,1.0,7,Random Forest,0.998968643430653,0.9811603397566024,0.99829896047199
discrete,1.0,7,XGBoost,0.9988617359213988,0.9741638996525555,0.9918244094030847
discrete,1.0,8,Logistic Regression,0.990890041545741,0.8764539976374311,0.9896279600394458
discrete,1.0,8,Random Forest,0.9984832500096175,0.9667745171808377,0.9980904929441893
discrete,1.0,8,XGBoost,0.9973792558213945,0.9621952723173396,0.9976024499964099
discrete,1.0,9,Logistic Regression,0.9933540298591425,0.8995734691297832,0.9891471559302
discrete,1.0,9,Random Forest,0.9989512117298239,0.9784253093657336,0.9983060712612076
discrete,1.0,9,XGBoost,0.9990286538505391,0.9644642774627527,0.9947027635159205
