condition,model,accuracy_mean,accuracy_ci95,precision_weighted_mean,precision_weighted_ci95,recall_weighted_mean,recall_weighted_ci95,specificity_macro_mean,specificity_macro_ci95,f1_weighted_mean,f1_weighted_ci95,f1_macro_mean,f1_macro_ci95,roc_auc_ovr_mean,roc_auc_ovr_ci95,cv_mean_mean,cv_mean_ci95
A_baseline,AdaBoost,0.9698,0.0075,0.9656,0.0219,0.9698,0.0075,0.9469,0.0581,0.9663,0.0144,0.8652,0.0713,0.9901,0.001,0.9897,0.0002
A_baseline,Bagging,0.9959,0.0009,0.9961,0.0008,0.9959,0.0009,0.9943,0.0015,0.9959,0.0008,0.9788,0.0057,0.9997,0.0002,0.9998,0.0
A_baseline,Decision Tree,0.9943,0.002,0.9948,0.0016,0.9943,0.002,0.9943,0.0032,0.9944,0.0019,0.9737,0.0066,0.9961,0.002,0.9957,0.0006
A_baseline,KNN,0.9487,0.0015,0.9427,0.0042,0.9487,0.0015,0.7801,0.005,0.932,0.0023,0.6784,0.0131,0.9016,0.0075,0.8863,0.0037
A_baseline,Logistic Regression,0.9565,0.0031,0.9515,0.0042,0.9565,0.0031,0.8418,0.0117,0.9494,0.0042,0.7592,0.0225,0.98,0.0045,0.9793,0.0018
A_baseline,Random Forest,0.9958,0.0009,0.996,0.0008,0.9958,0.0009,0.996,0.0024,0.9959,0.0009,0.9754,0.0066,0.9995,0.0002,0.9996,0.0001
A_baseline,SVM (Linear),0.9436,0.0043,0.9332,0.0147,0.9436,0.0043,0.7574,0.0234,0.9216,0.0082,0.6231,0.0406,0.9914,0.0037,0.9915,0.001
A_baseline,SVM (RBF),0.9453,0.0055,0.9358,0.0155,0.9453,0.0055,0.7603,0.0275,0.9258,0.0103,0.6307,0.0577,0.9935,0.0017,0.9921,0.0003
A_baseline,Stacking (RF+SVM),0.9956,0.0008,0.9958,0.0008,0.9956,0.0008,0.9927,0.0028,0.9956,0.0008,0.9719,0.0062,0.9996,0.0002,0.9997,0.0
A_baseline,XGBoost,0.9946,0.0013,0.9948,0.0013,0.9946,0.0013,0.9909,0.0042,0.9946,0.0013,0.9696,0.0071,0.9994,0.0004,0.9997,0.0001
B_HFS_SMOTE,AdaBoost,0.9699,0.0053,0.9796,0.0027,0.9699,0.0053,0.9895,0.0018,0.9726,0.0046,0.8894,0.027,0.99,0.001,0.9897,0.0002
B_HFS_SMOTE,Bagging,0.9916,0.0033,0.9926,0.0027,0.9916,0.0033,0.9939,0.0023,0.9919,0.0031,0.9667,0.011,0.9978,0.001,0.9974,0.0011
B_HFS_SMOTE,Decision Tree,0.9877,0.004,0.99,0.0028,0.9877,0.004,0.9951,0.0016,0.9883,0.0037,0.9545,0.0131,0.9943,0.002,0.9939,0.0014
B_HFS_SMOTE,KNN,0.9481,0.0106,0.9646,0.0049,0.9481,0.0106,0.9583,0.0095,0.9535,0.0086,0.8174,0.023,0.9716,0.0078,0.968,0.0082
B_HFS_SMOTE,Logistic Regression,0.9665,0.0043,0.9769,0.0021,0.9665,0.0043,0.9878,0.0016,0.9694,0.0037,0.8655,0.0114,0.9909,0.0015,0.9883,0.0014
B_HFS_SMOTE,Random Forest,0.9902,0.0041,0.9918,0.003,0.9902,0.0041,0.9954,0.0015,0.9906,0.0038,0.9621,0.0127,0.998,0.001,0.9975,0.0012
B_HFS_SMOTE,SVM (Linear),0.9589,0.0067,0.9739,0.0026,0.9589,0.0067,0.9857,0.0023,0.9631,0.0055,0.8466,0.0161,0.9923,0.0021,0.9909,0.0025
B_HFS_SMOTE,SVM (RBF),0.9681,0.0075,0.9775,0.0036,0.9681,0.0075,0.9831,0.0049,0.9708,0.0063,0.8788,0.0234,0.9937,0.0023,0.9918,0.0028
B_HFS_SMOTE,Stacking (RF+SVM),0.9897,0.0042,0.9911,0.0033,0.9897,0.0042,0.9918,0.004,0.99,0.004,0.9585,0.0143,0.9977,0.0011,0.9973,0.0012
B_HFS_SMOTE,XGBoost,0.989,0.0039,0.9906,0.0028,0.989,0.0039,0.9915,0.0028,0.9894,0.0036,0.9561,0.0134,0.9976,0.0011,0.9974,0.001
C_HFSonly,AdaBoost,0.9698,0.0075,0.9656,0.0219,0.9698,0.0075,0.9469,0.0581,0.9663,0.0144,0.8652,0.0713,0.9901,0.001,0.9897,0.0002
C_HFSonly,Bagging,0.9916,0.003,0.9923,0.0025,0.9916,0.003,0.9907,0.0033,0.9918,0.0029,0.9652,0.0102,0.998,0.001,0.9977,0.001
C_HFSonly,Decision Tree,0.9896,0.0023,0.991,0.0016,0.9896,0.0023,0.9938,0.0026,0.99,0.0021,0.9599,0.0076,0.9944,0.0018,0.9947,0.0008
C_HFSonly,KNN,0.9618,0.0038,0.9598,0.0039,0.9618,0.0038,0.8456,0.0202,0.9542,0.0062,0.7946,0.0306,0.9653,0.0111,0.9567,0.0121
C_HFSonly,Logistic Regression,0.9506,0.0023,0.9411,0.0055,0.9506,0.0023,0.8158,0.0069,0.9402,0.0032,0.7225,0.0152,0.9837,0.0031,0.9803,0.0021
C_HFSonly,Random Forest,0.9917,0.003,0.9925,0.0025,0.9917,0.003,0.9925,0.0039,0.992,0.0029,0.965,0.0096,0.998,0.0009,0.9977,0.001
C_HFSonly,SVM (Linear),0.9445,0.0051,0.9209,0.0169,0.9445,0.0051,0.7643,0.026,0.9238,0.0094,0.6366,0.0506,0.9914,0.0019,0.9894,0.0028
C_HFSonly,SVM (RBF),0.9673,0.0069,0.9643,0.009,0.9673,0.0069,0.8745,0.0315,0.9621,0.0103,0.8297,0.0506,0.9931,0.0032,0.9932,0.0022
C_HFSonly,Stacking (RF+SVM),0.991,0.0032,0.9915,0.0028,0.991,0.0032,0.9871,0.0044,0.9911,0.003,0.9596,0.0099,0.9981,0.0009,0.9977,0.001
C_HFSonly,XGBoost,0.991,0.003,0.9918,0.0025,0.991,0.003,0.9897,0.0035,0.9913,0.0029,0.962,0.0107,0.9979,0.001,0.9978,0.001
D_SMOTEonly,AdaBoost,0.969,0.0055,0.9791,0.0028,0.969,0.0055,0.9892,0.0019,0.9718,0.0047,0.8844,0.0272,0.9901,0.001,0.9897,0.0002
D_SMOTEonly,Bagging,0.996,0.0009,0.9963,0.0008,0.996,0.0009,0.9972,0.0011,0.9961,0.0009,0.9792,0.0054,0.9994,0.0004,0.9992,0.0003
D_SMOTEonly,Decision Tree,0.9923,0.0015,0.9931,0.0011,0.9923,0.0015,0.9967,0.0008,0.9925,0.0014,0.967,0.0055,0.9956,0.0011,0.9955,0.0004
D_SMOTEonly,KNN,0.8824,0.0047,0.9408,0.0023,0.8824,0.0047,0.9019,0.0081,0.9043,0.0033,0.7072,0.0082,0.9211,0.0062,0.9076,0.0036
D_SMOTEonly,Logistic Regression,0.9706,0.0039,0.9782,0.0024,0.9706,0.0039,0.9849,0.0035,0.9728,0.0034,0.8714,0.0153,0.9886,0.0045,0.9874,0.0009
D_SMOTEonly,Random Forest,0.9962,0.001,0.9964,0.0009,0.9962,0.001,0.9978,0.001,0.9962,0.001,0.9782,0.0069,0.9996,0.0002,0.9996,0.0001
D_SMOTEonly,SVM (Linear),0.9685,0.005,0.9774,0.0026,0.9685,0.005,0.9853,0.0026,0.971,0.0042,0.871,0.0172,0.9915,0.0038,0.9919,0.0009
D_SMOTEonly,SVM (RBF),0.9746,0.0053,0.9773,0.0035,0.9746,0.0053,0.9615,0.006,0.9755,0.0047,0.8828,0.0178,0.9889,0.0026,0.9872,0.0009
D_SMOTEonly,Stacking (RF+SVM),0.9953,0.0014,0.9954,0.0014,0.9953,0.0014,0.9929,0.003,0.9953,0.0014,0.971,0.0102,0.9995,0.0002,0.9995,0.0001
D_SMOTEonly,XGBoost,0.9936,0.0015,0.9939,0.0014,0.9936,0.0015,0.9917,0.004,0.9937,0.0015,0.9671,0.0083,0.9993,0.0004,0.9996,0.0001
NAIVE_majority,DummyClassifier,0.9257,0.0,0.8569,0.0,0.9257,0.0,0.6667,0.0,0.89,0.0,0.3205,0.0,,,,
