run_id,rank,feature
0,1,TSH
0,2,hypopituitary
0,3,FTI
0,4,T3
0,5,TT4
0,6,on_thyroxine
0,7,pregnant
0,8,query_hypothyroid
1,1,TSH
1,2,FTI
1,3,T3
1,4,TT4
1,5,on_thyroxine
1,6,T4U
1,7,query_hypothyroid
1,8,I131_treatment
2,1,hypopituitary
2,2,TSH
2,3,FTI
2,4,TT4
2,5,T3
2,6,goitre
2,7,pregnant
2,8,thyroid_surgery
3,1,TSH
3,2,FTI
3,3,T3
3,4,TT4
3,5,goitre
3,6,pregnant
3,7,lithium
3,8,query_on_thyroxine
4,1,TSH
4,2,hypopituitary
4,3,FTI
4,4,T3
4,5,TT4
4,6,pregnant
4,7,goitre
4,8,query_on_thyroxine
5,1,TSH
5,2,FTI
5,3,T3
5,4,TT4
5,5,on_thyroxine
5,6,T4U
5,7,query_hypothyroid
5,8,sex
6,1,TSH
6,2,FTI
6,3,T3
6,4,TT4
6,5,T4U
6,6,on_thyroxine
6,7,sex
6,8,query_hypothyroid
7,1,TSH
7,2,FTI
7,3,T3
7,4,TT4
7,5,on_thyroxine
7,6,T4U
7,7,sex
7,8,query_hypothyroid
8,1,TSH
8,2,hypopituitary
8,3,FTI
8,4,T3
8,5,TT4
8,6,goitre
8,7,I131_treatment
8,8,pregnant
9,1,hypopituitary
9,2,TSH
9,3,FTI
9,4,T3
9,5,TT4
9,6,pregnant
9,7,goitre
9,8,on_thyroxine
