condition,model,sens_hyperthyroid_mean,sens_hyperthyroid_ci95,spec_hyperthyroid_mean,spec_hyperthyroid_ci95,prec_hyperthyroid_mean,prec_hyperthyroid_ci95,f1_hyperthyroid_mean,f1_hyperthyroid_ci95,prauc_hyperthyroid_mean,prauc_hyperthyroid_ci95,sens_subnormal_mean,sens_subnormal_ci95,spec_subnormal_mean,spec_subnormal_ci95,prec_subnormal_mean,prec_subnormal_ci95,f1_subnormal_mean,f1_subnormal_ci95,prauc_subnormal_mean,prauc_subnormal_ci95,sens_normal_mean,sens_normal_ci95,spec_normal_mean,spec_normal_ci95,prec_normal_mean,prec_normal_ci95,f1_normal_mean,f1_normal_ci95,prauc_normal_mean,prauc_normal_ci95
A_baseline,AdaBoost,1.0,0.0,0.9977,0.0008,0.9113,0.0291,0.953,0.016,0.9113,0.0291,0.8,0.2613,0.9814,0.0061,0.56,0.1831,0.6588,0.2153,0.7073,0.0124,0.9785,0.0067,0.8617,0.1807,0.9895,0.0138,0.9837,0.0038,0.9986,0.0001
A_baseline,Bagging,0.9848,0.0203,0.9984,0.001,0.9375,0.035,0.9593,0.0189,0.9795,0.0199,0.9865,0.0068,0.9985,0.0006,0.9722,0.0104,0.9792,0.0071,0.9976,0.0032,0.9967,0.0011,0.986,0.0049,0.9989,0.0004,0.9978,0.0005,1.0,0.0
A_baseline,Decision Tree,0.9818,0.0202,0.9984,0.0006,0.9376,0.0226,0.9587,0.0165,0.9515,0.0195,0.9905,0.0089,0.9966,0.0024,0.9438,0.0373,0.9655,0.019,0.941,0.0365,0.9948,0.0023,0.9879,0.0102,0.999,0.0008,0.9969,0.0011,0.9994,0.0003
A_baseline,KNN,0.7606,0.0359,0.999,0.0005,0.9483,0.0243,0.8429,0.0253,0.8994,0.0266,0.127,0.0198,0.9984,0.0006,0.8114,0.0668,0.2187,0.0306,0.431,0.0364,0.9989,0.0005,0.343,0.0147,0.9499,0.0011,0.9738,0.0007,0.9852,0.0011
A_baseline,Logistic Regression,0.8,0.0444,0.9961,0.0011,0.8336,0.0381,0.8129,0.0228,0.8518,0.0224,0.3568,0.0504,0.9946,0.0016,0.7835,0.0534,0.4862,0.0514,0.7538,0.0382,0.9936,0.0011,0.5346,0.0348,0.9638,0.0026,0.9785,0.0016,0.9975,0.001
A_baseline,Random Forest,0.9697,0.0177,0.9983,0.0008,0.9323,0.0302,0.95,0.0196,0.9859,0.0086,0.9919,0.0059,0.998,0.0009,0.9651,0.0149,0.9781,0.0074,0.9989,0.0007,0.9967,0.0008,0.9916,0.0075,0.9993,0.0006,0.998,0.0005,1.0,0.0
A_baseline,SVM (Linear),0.7394,0.0238,0.9979,0.0007,0.8941,0.0277,0.8078,0.0096,0.9277,0.0112,0.0622,0.0899,0.9996,0.0006,0.7397,0.26,0.0908,0.1163,0.8157,0.0271,0.9976,0.001,0.2748,0.0713,0.9449,0.0052,0.9705,0.0023,0.999,0.0007
A_baseline,SVM (RBF),0.6121,0.0713,0.9994,0.0003,0.9637,0.0205,0.7424,0.0542,0.9325,0.0188,0.1149,0.0837,0.9991,0.0007,0.7476,0.2475,0.178,0.1258,0.8957,0.0192,0.9996,0.0003,0.2822,0.0833,0.9456,0.006,0.9718,0.0031,0.9995,0.0001
A_baseline,Stacking (RF+SVM),0.9364,0.0272,0.9985,0.0008,0.9393,0.0297,0.9364,0.0165,0.9851,0.0095,0.9919,0.0059,0.9984,0.0008,0.9714,0.0139,0.9814,0.0066,0.9988,0.0007,0.9973,0.0009,0.9813,0.0091,0.9985,0.0007,0.9979,0.0004,1.0,0.0
A_baseline,XGBoost,0.9545,0.0203,0.9984,0.0009,0.9352,0.0322,0.9436,0.0175,0.978,0.0187,0.9757,0.0117,0.9978,0.0009,0.9606,0.0165,0.9679,0.0118,0.9971,0.002,0.9966,0.001,0.9766,0.0126,0.9981,0.001,0.9974,0.0007,0.9999,0.0
B_HFS_SMOTE,AdaBoost,1.0,0.0,0.991,0.0054,0.7674,0.1166,0.8563,0.0782,0.9074,0.0311,1.0,0.0,0.9775,0.0013,0.7073,0.0124,0.8284,0.0084,0.7065,0.012,0.9674,0.0058,1.0,0.0,1.0,0.0,0.9834,0.003,0.9986,0.0001
B_HFS_SMOTE,Bagging,0.9939,0.0079,0.9984,0.0007,0.9388,0.0265,0.9652,0.0157,0.9676,0.0225,0.9878,0.0062,0.9936,0.0032,0.898,0.0468,0.9395,0.0281,0.9433,0.0311,0.9917,0.0034,0.9897,0.0043,0.9992,0.0003,0.9954,0.0018,0.9998,0.0001
B_HFS_SMOTE,Decision Tree,0.9909,0.0178,0.9984,0.0007,0.9358,0.0239,0.962,0.0154,0.9294,0.0266,0.9973,0.0035,0.9889,0.0042,0.8373,0.0533,0.9081,0.0318,0.8363,0.0541,0.9871,0.0042,0.9981,0.0024,0.9998,0.0002,0.9934,0.0021,0.9992,0.0003
B_HFS_SMOTE,KNN,0.9545,0.016,0.9896,0.0017,0.6876,0.0373,0.798,0.0255,0.8348,0.0352,0.8676,0.0252,0.9619,0.0091,0.5657,0.0593,0.6818,0.0505,0.7451,0.0493,0.9524,0.0105,0.9234,0.0193,0.9935,0.0017,0.9725,0.0063,0.9961,0.0011
B_HFS_SMOTE,Logistic Regression,0.9758,0.0148,0.9888,0.0017,0.6763,0.0337,0.7975,0.0225,0.902,0.016,0.9892,0.0066,0.9763,0.0041,0.6977,0.0369,0.817,0.0259,0.8058,0.0596,0.965,0.005,0.9981,0.0024,0.9998,0.0002,0.9821,0.0026,0.9993,0.0001
B_HFS_SMOTE,Random Forest,1.0,0.0,0.998,0.0008,0.924,0.0291,0.9599,0.016,0.9909,0.0054,0.9946,0.0043,0.992,0.0043,0.8807,0.0584,0.9316,0.0333,0.951,0.0239,0.9897,0.0045,0.9963,0.003,0.9997,0.0002,0.9947,0.0022,0.9998,0.0001
B_HFS_SMOTE,SVM (Linear),0.9818,0.0131,0.9873,0.0014,0.6477,0.0275,0.7798,0.0212,0.9388,0.013,0.9932,0.0081,0.9697,0.0068,0.6487,0.048,0.7823,0.0365,0.8351,0.0576,0.9564,0.0072,1.0,0.0,1.0,0.0,0.9777,0.0038,0.9994,0.0002
B_HFS_SMOTE,SVM (RBF),0.9515,0.0254,0.9929,0.0023,0.7688,0.0523,0.8471,0.0323,0.9163,0.0178,0.9757,0.0157,0.9752,0.0066,0.692,0.0582,0.8063,0.0403,0.876,0.0509,0.9681,0.0082,0.9813,0.0157,0.9985,0.0013,0.983,0.0041,0.9995,0.0002
B_HFS_SMOTE,Stacking (RF+SVM),0.9818,0.0238,0.9981,0.0008,0.9252,0.0294,0.9518,0.0198,0.9864,0.0057,0.9865,0.0068,0.9922,0.0042,0.8823,0.0579,0.9292,0.0337,0.9503,0.0291,0.99,0.0043,0.985,0.0103,0.9988,0.0008,0.9944,0.0023,0.9998,0.0001
B_HFS_SMOTE,XGBoost,0.9879,0.0181,0.9982,0.0008,0.9282,0.028,0.9564,0.0173,0.9746,0.0194,0.977,0.0131,0.9914,0.0042,0.8704,0.0558,0.9178,0.0301,0.9459,0.0241,0.9896,0.0044,0.985,0.0091,0.9988,0.0007,0.9942,0.0021,0.9998,0.0001
C_HFSonly,AdaBoost,1.0,0.0,0.9977,0.0008,0.9113,0.0291,0.953,0.016,0.9113,0.0291,0.8,0.2613,0.9814,0.0061,0.56,0.1831,0.6588,0.2153,0.7073,0.0124,0.9785,0.0067,0.8617,0.1807,0.9895,0.0138,0.9837,0.0038,0.9986,0.0001
C_HFSonly,Bagging,0.9909,0.0091,0.9982,0.0008,0.931,0.0278,0.9594,0.0146,0.9834,0.0121,0.9743,0.0139,0.9946,0.0028,0.9114,0.0426,0.9407,0.0258,0.9494,0.0246,0.9926,0.0031,0.9794,0.0094,0.9983,0.0008,0.9954,0.0016,0.9998,0.0001
C_HFSonly,Decision Tree,0.9909,0.0091,0.9984,0.0007,0.9357,0.0273,0.9622,0.0178,0.9475,0.0216,0.9919,0.009,0.9914,0.0027,0.8658,0.0379,0.9232,0.0194,0.8812,0.0283,0.9894,0.0026,0.9916,0.0084,0.9993,0.0007,0.9943,0.0012,0.9993,0.0003
C_HFSonly,KNN,0.8667,0.0296,0.9984,0.0005,0.927,0.0185,0.8947,0.015,0.9215,0.0166,0.3689,0.0779,0.9974,0.001,0.8906,0.0319,0.5085,0.0798,0.7253,0.0496,0.9971,0.0011,0.5411,0.0615,0.9644,0.0046,0.9805,0.002,0.9949,0.0017
C_HFSonly,Logistic Regression,0.8212,0.03,0.9969,0.0008,0.8639,0.0308,0.8402,0.0161,0.9168,0.0221,0.2392,0.034,0.9936,0.0017,0.6713,0.0925,0.3518,0.0482,0.6736,0.0475,0.9932,0.0014,0.457,0.0201,0.958,0.0015,0.9753,0.0011,0.9985,0.0005
C_HFSonly,Random Forest,0.9848,0.0133,0.9982,0.0008,0.9311,0.03,0.9564,0.0155,0.9839,0.0071,0.9838,0.0152,0.9943,0.0028,0.9074,0.0425,0.943,0.0267,0.9551,0.0216,0.9923,0.0031,0.985,0.0113,0.9988,0.0009,0.9956,0.0017,0.9998,0.0001
C_HFSonly,SVM (Linear),0.7606,0.0535,0.9979,0.0006,0.8985,0.0236,0.8209,0.0302,0.9386,0.0086,0.0797,0.0907,0.9988,0.0012,0.4701,0.2711,0.1178,0.1242,0.7522,0.0526,0.9971,0.0014,0.2963,0.079,0.9465,0.0058,0.9711,0.0027,0.9993,0.0002
C_HFSonly,SVM (RBF),0.8727,0.0374,0.9983,0.0004,0.9235,0.0158,0.8963,0.0226,0.9308,0.0243,0.4959,0.126,0.9963,0.0014,0.8606,0.0539,0.6095,0.1285,0.8703,0.0531,0.9958,0.0014,0.629,0.0949,0.9711,0.0071,0.9833,0.0036,0.9992,0.0006
C_HFSonly,Stacking (RF+SVM),0.9515,0.0238,0.9986,0.0007,0.9417,0.0255,0.9459,0.0182,0.9826,0.0082,0.9716,0.0187,0.9944,0.0026,0.9073,0.0405,0.9378,0.029,0.9563,0.0229,0.993,0.003,0.9682,0.0116,0.9974,0.0009,0.9952,0.0018,0.9998,0.0001
C_HFSonly,XGBoost,0.9788,0.0155,0.9985,0.0006,0.9406,0.0238,0.9587,0.0132,0.9886,0.0068,0.9676,0.0143,0.9939,0.003,0.9017,0.0447,0.9319,0.0247,0.9447,0.0192,0.9926,0.0033,0.9766,0.0107,0.9981,0.0009,0.9954,0.0016,0.9998,0.0001
D_SMOTEonly,AdaBoost,1.0,0.0,0.99,0.0053,0.7448,0.1155,0.8418,0.077,0.9074,0.0311,1.0,0.0,0.9775,0.0013,0.7073,0.0124,0.8284,0.0084,0.7073,0.0124,0.9665,0.0059,1.0,0.0,1.0,0.0,0.9829,0.0031,0.9986,0.0001
D_SMOTEonly,Bagging,0.9939,0.0119,0.9982,0.0008,0.9286,0.0289,0.9596,0.0173,0.9633,0.0226,0.9946,0.0043,0.9981,0.0007,0.9662,0.0131,0.9801,0.0079,0.995,0.006,0.9962,0.0009,0.9953,0.0031,0.9996,0.0002,0.9979,0.0005,0.9999,0.0
D_SMOTEonly,Decision Tree,0.9879,0.0238,0.9984,0.0007,0.9356,0.0239,0.9603,0.0175,0.9312,0.0269,0.9986,0.0026,0.9937,0.0017,0.8974,0.0248,0.9449,0.0137,0.8963,0.0244,0.992,0.0018,0.9981,0.0024,0.9998,0.0002,0.9959,0.0009,0.9994,0.0002
D_SMOTEonly,KNN,0.903,0.0329,0.9906,0.001,0.6942,0.0228,0.7842,0.0219,0.7669,0.0295,0.7149,0.0367,0.9002,0.0048,0.28,0.0141,0.4021,0.0193,0.4255,0.031,0.8912,0.005,0.815,0.0247,0.9836,0.0021,0.9351,0.0028,0.9897,0.0009
D_SMOTEonly,Logistic Regression,0.9545,0.0378,0.9889,0.0018,0.6729,0.0352,0.7875,0.0282,0.8543,0.0199,0.9703,0.011,0.9817,0.0032,0.7449,0.0324,0.8419,0.0228,0.8666,0.0349,0.971,0.0036,0.9841,0.0082,0.9987,0.0007,0.9847,0.002,0.9986,0.0009
D_SMOTEonly,Random Forest,0.9909,0.0178,0.9979,0.0009,0.9209,0.0313,0.9539,0.0195,0.989,0.0077,0.9959,0.004,0.9983,0.0007,0.9701,0.0125,0.9828,0.007,0.9986,0.0012,0.9963,0.001,0.9972,0.0028,0.9998,0.0002,0.998,0.0005,1.0,0.0
D_SMOTEonly,SVM (Linear),0.9727,0.0257,0.9894,0.0014,0.6857,0.0314,0.8035,0.0258,0.9393,0.0159,0.977,0.0125,0.9787,0.0043,0.7183,0.0398,0.8264,0.028,0.9,0.0229,0.968,0.0049,0.9879,0.0061,0.999,0.0005,0.9832,0.0025,0.999,0.0007
D_SMOTEonly,SVM (RBF),0.8667,0.0334,0.9948,0.0012,0.801,0.035,0.8306,0.022,0.9209,0.0187,0.8865,0.0164,0.9861,0.0051,0.7873,0.0603,0.8306,0.0344,0.9229,0.0173,0.9821,0.006,0.9037,0.0195,0.9922,0.0016,0.9871,0.0029,0.999,0.0003
D_SMOTEonly,Stacking (RF+SVM),0.9485,0.032,0.9984,0.0006,0.9327,0.0255,0.9397,0.0225,0.9845,0.0073,0.9851,0.0062,0.9981,0.0009,0.966,0.015,0.9754,0.0098,0.997,0.0015,0.997,0.0008,0.9822,0.0088,0.9986,0.0007,0.9978,0.0006,1.0,0.0
D_SMOTEonly,XGBoost,0.9697,0.0234,0.9981,0.0009,0.925,0.0311,0.9457,0.0188,0.9723,0.0287,0.9757,0.0152,0.9968,0.001,0.9432,0.017,0.9589,0.0123,0.9957,0.0023,0.9952,0.0013,0.9804,0.012,0.9984,0.001,0.9968,0.0008,0.9999,0.0
NAIVE_majority,DummyClassifier,0.0,0.0,1.0,0.0,0.0,0.0,0.0,0.0,,,0.0,0.0,1.0,0.0,0.0,0.0,0.0,0.0,,,1.0,0.0,0.0,0.0,0.9257,0.0,0.9614,0.0,,
