run_id,feature,class,ks_statistic,p_value,n_orig,n_syn
0,TSH,overt_hypothyroid,0.046,0.93486,133,5200
0,TSH,subclinical_hypothyroid,0.09,0.02069,294,5039
0,FTI,overt_hypothyroid,0.0592,0.73092,133,5200
0,FTI,subclinical_hypothyroid,0.0383,0.79305,294,5039
0,T3,overt_hypothyroid,0.1049,0.10708,133,5200
0,T3,subclinical_hypothyroid,0.0636,0.20245,294,5039
0,TT4,overt_hypothyroid,0.0672,0.57697,133,5200
0,TT4,subclinical_hypothyroid,0.0356,0.85968,294,5039
1,TSH,overt_hypothyroid,0.0427,0.96372,133,5200
1,TSH,subclinical_hypothyroid,0.0882,0.02489,294,5039
1,FTI,overt_hypothyroid,0.0744,0.44819,133,5200
1,FTI,subclinical_hypothyroid,0.0381,0.79915,294,5039
1,T3,overt_hypothyroid,0.0774,0.39774,133,5200
1,T3,subclinical_hypothyroid,0.0631,0.20871,294,5039
1,TT4,overt_hypothyroid,0.088,0.25229,133,5200
1,TT4,subclinical_hypothyroid,0.039,0.77547,294,5039
1,T4U,overt_hypothyroid,0.0691,0.54255,133,5200
1,T4U,subclinical_hypothyroid,0.0396,0.76111,294,5039
2,TSH,overt_hypothyroid,0.0346,0.99624,133,5200
2,TSH,subclinical_hypothyroid,0.0741,0.08948,294,5039
2,FTI,overt_hypothyroid,0.0563,0.78322,133,5200
2,FTI,subclinical_hypothyroid,0.0357,0.85709,294,5039
2,TT4,overt_hypothyroid,0.0665,0.59084,133,5200
2,TT4,subclinical_hypothyroid,0.0393,0.76875,294,5039
2,T3,overt_hypothyroid,0.0723,0.4847,133,5200
2,T3,subclinical_hypothyroid,0.052,0.42591,294,5039
3,TSH,overt_hypothyroid,0.0267,0.99996,133,5200
3,TSH,subclinical_hypothyroid,0.0815,0.04683,294,5039
3,FTI,overt_hypothyroid,0.0477,0.91496,133,5200
3,FTI,subclinical_hypothyroid,0.0337,0.89954,294,5039
3,T3,overt_hypothyroid,0.0941,0.18822,133,5200
3,T3,subclinical_hypothyroid,0.0615,0.2344,294,5039
3,TT4,overt_hypothyroid,0.0615,0.68745,133,5200
3,TT4,subclinical_hypothyroid,0.0364,0.84234,294,5039
4,TSH,overt_hypothyroid,0.0284,0.99986,133,5200
4,TSH,subclinical_hypothyroid,0.0833,0.03987,294,5039
4,FTI,overt_hypothyroid,0.0503,0.88155,133,5200
4,FTI,subclinical_hypothyroid,0.0273,0.98227,294,5039
4,T3,overt_hypothyroid,0.0865,0.26957,133,5200
4,T3,subclinical_hypothyroid,0.0641,0.19445,294,5039
4,TT4,overt_hypothyroid,0.0564,0.7818,133,5200
4,TT4,subclinical_hypothyroid,0.0288,0.96974,294,5039
5,TSH,overt_hypothyroid,0.0516,0.8623,133,5200
5,TSH,subclinical_hypothyroid,0.0814,0.0474,294,5039
5,FTI,overt_hypothyroid,0.0674,0.57334,133,5200
5,FTI,subclinical_hypothyroid,0.0325,0.92109,294,5039
5,T3,overt_hypothyroid,0.1136,0.06501,133,5200
5,T3,subclinical_hypothyroid,0.0684,0.14142,294,5039
5,TT4,overt_hypothyroid,0.0767,0.40993,133,5200
5,TT4,subclinical_hypothyroid,0.0305,0.95029,294,5039
5,T4U,overt_hypothyroid,0.0568,0.7754,133,5200
5,T4U,subclinical_hypothyroid,0.0604,0.25242,294,5039
6,TSH,overt_hypothyroid,0.0501,0.88454,133,5200
6,TSH,subclinical_hypothyroid,0.0868,0.02844,294,5039
6,FTI,overt_hypothyroid,0.0684,0.55493,133,5200
6,FTI,subclinical_hypothyroid,0.0417,0.70216,294,5039
6,T3,overt_hypothyroid,0.0844,0.29711,133,5200
6,T3,subclinical_hypothyroid,0.0672,0.15547,294,5039
6,TT4,overt_hypothyroid,0.077,0.40404,133,5200
6,TT4,subclinical_hypothyroid,0.0355,0.86226,294,5039
6,T4U,overt_hypothyroid,0.0843,0.29787,133,5200
6,T4U,subclinical_hypothyroid,0.0411,0.71806,294,5039
7,TSH,overt_hypothyroid,0.0415,0.97179,133,5200
7,TSH,subclinical_hypothyroid,0.0859,0.03105,294,5039
7,FTI,overt_hypothyroid,0.0592,0.73101,133,5200
7,FTI,subclinical_hypothyroid,0.0362,0.84511,294,5039
7,T3,overt_hypothyroid,0.0927,0.20205,133,5200
7,T3,subclinical_hypothyroid,0.0664,0.16421,294,5039
7,TT4,overt_hypothyroid,0.0664,0.59227,133,5200
7,TT4,subclinical_hypothyroid,0.0377,0.80833,294,5039
7,T4U,overt_hypothyroid,0.0718,0.49355,133,5200
7,T4U,subclinical_hypothyroid,0.046,0.58103,294,5039
8,TSH,overt_hypothyroid,0.0225,1.0,133,5200
8,TSH,subclinical_hypothyroid,0.0779,0.06489,294,5039
8,FTI,overt_hypothyroid,0.0528,0.84249,133,5200
8,FTI,subclinical_hypothyroid,0.0277,0.97923,294,5039
8,T3,overt_hypothyroid,0.0554,0.80003,133,5200
8,T3,subclinical_hypothyroid,0.068,0.14547,294,5039
8,TT4,overt_hypothyroid,0.0686,0.55134,133,5200
8,TT4,subclinical_hypothyroid,0.0259,0.98995,294,5039
9,TSH,overt_hypothyroid,0.0352,0.99537,133,5200
9,TSH,subclinical_hypothyroid,0.067,0.15708,294,5039
9,FTI,overt_hypothyroid,0.0526,0.84586,133,5200
9,FTI,subclinical_hypothyroid,0.0322,0.92678,294,5039
9,T3,overt_hypothyroid,0.0726,0.47891,133,5200
9,T3,subclinical_hypothyroid,0.0835,0.03921,294,5039
9,TT4,overt_hypothyroid,0.0604,0.7084,133,5200
9,TT4,subclinical_hypothyroid,0.0346,0.88192,294,5039
