run_id,source,rule,n_samples,n_violations,pct_violations
0,synthetic,TSH_high_AND_TT4_high,10239,38,0.371
0,synthetic,TSH_low_AND_TT4_low,10239,0,0.0
0,synthetic,TT4_FTI_divergent,10239,0,0.0
0,synthetic,T3_high_AND_TT4_verylow,10239,0,0.0
0,original,TSH_high_AND_TT4_high,5760,20,0.347
0,original,TSH_low_AND_TT4_low,5760,24,0.417
0,original,TT4_FTI_divergent,5760,1,0.017
0,original,T3_high_AND_TT4_verylow,5760,5,0.087
1,synthetic,TSH_high_AND_TT4_high,10239,18,0.176
1,synthetic,TSH_low_AND_TT4_low,10239,0,0.0
1,synthetic,TT4_FTI_divergent,10239,0,0.0
1,synthetic,T3_high_AND_TT4_verylow,10239,0,0.0
1,original,TSH_high_AND_TT4_high,5760,20,0.347
1,original,TSH_low_AND_TT4_low,5760,24,0.417
1,original,TT4_FTI_divergent,5760,1,0.017
1,original,T3_high_AND_TT4_verylow,5760,4,0.069
2,synthetic,TSH_high_AND_TT4_high,10239,55,0.537
2,synthetic,TSH_low_AND_TT4_low,10239,0,0.0
2,synthetic,TT4_FTI_divergent,10239,0,0.0
2,synthetic,T3_high_AND_TT4_verylow,10239,0,0.0
2,original,TSH_high_AND_TT4_high,5760,18,0.312
2,original,TSH_low_AND_TT4_low,5760,21,0.365
2,original,TT4_FTI_divergent,5760,1,0.017
2,original,T3_high_AND_TT4_verylow,5760,4,0.069
3,synthetic,TSH_high_AND_TT4_high,10239,25,0.244
3,synthetic,TSH_low_AND_TT4_low,10239,0,0.0
3,synthetic,TT4_FTI_divergent,10239,0,0.0
3,synthetic,T3_high_AND_TT4_verylow,10239,0,0.0
3,original,TSH_high_AND_TT4_high,5760,19,0.33
3,original,TSH_low_AND_TT4_low,5760,23,0.399
3,original,TT4_FTI_divergent,5760,1,0.017
3,original,T3_high_AND_TT4_verylow,5760,5,0.087
4,synthetic,TSH_high_AND_TT4_high,10239,74,0.723
4,synthetic,TSH_low_AND_TT4_low,10239,0,0.0
4,synthetic,TT4_FTI_divergent,10239,0,0.0
4,synthetic,T3_high_AND_TT4_verylow,10239,0,0.0
4,original,TSH_high_AND_TT4_high,5760,19,0.33
4,original,TSH_low_AND_TT4_low,5760,21,0.365
4,original,TT4_FTI_divergent,5760,1,0.017
4,original,T3_high_AND_TT4_verylow,5760,3,0.052
5,synthetic,TSH_high_AND_TT4_high,10239,36,0.352
5,synthetic,TSH_low_AND_TT4_low,10239,0,0.0
5,synthetic,TT4_FTI_divergent,10239,0,0.0
5,synthetic,T3_high_AND_TT4_verylow,10239,0,0.0
5,original,TSH_high_AND_TT4_high,5760,20,0.347
5,original,TSH_low_AND_TT4_low,5760,22,0.382
5,original,TT4_FTI_divergent,5760,0,0.0
5,original,T3_high_AND_TT4_verylow,5760,4,0.069
6,synthetic,TSH_high_AND_TT4_high,10239,15,0.146
6,synthetic,TSH_low_AND_TT4_low,10239,0,0.0
6,synthetic,TT4_FTI_divergent,10239,0,0.0
6,synthetic,T3_high_AND_TT4_verylow,10239,0,0.0
6,original,TSH_high_AND_TT4_high,5760,18,0.312
6,original,TSH_low_AND_TT4_low,5760,24,0.417
6,original,TT4_FTI_divergent,5760,0,0.0
6,original,T3_high_AND_TT4_verylow,5760,5,0.087
7,synthetic,TSH_high_AND_TT4_high,10239,46,0.449
7,synthetic,TSH_low_AND_TT4_low,10239,0,0.0
7,synthetic,TT4_FTI_divergent,10239,0,0.0
7,synthetic,T3_high_AND_TT4_verylow,10239,0,0.0
7,original,TSH_high_AND_TT4_high,5760,17,0.295
7,original,TSH_low_AND_TT4_low,5760,23,0.399
7,original,TT4_FTI_divergent,5760,1,0.017
7,original,T3_high_AND_TT4_verylow,5760,5,0.087
8,synthetic,TSH_high_AND_TT4_high,10239,76,0.742
8,synthetic,TSH_low_AND_TT4_low,10239,0,0.0
8,synthetic,TT4_FTI_divergent,10239,0,0.0
8,synthetic,T3_high_AND_TT4_verylow,10239,0,0.0
8,original,TSH_high_AND_TT4_high,5760,19,0.33
8,original,TSH_low_AND_TT4_low,5760,20,0.347
8,original,TT4_FTI_divergent,5760,1,0.017
8,original,T3_high_AND_TT4_verylow,5760,3,0.052
9,synthetic,TSH_high_AND_TT4_high,10239,50,0.488
9,synthetic,TSH_low_AND_TT4_low,10239,0,0.0
9,synthetic,TT4_FTI_divergent,10239,0,0.0
9,synthetic,T3_high_AND_TT4_verylow,10239,0,0.0
9,original,TSH_high_AND_TT4_high,5760,19,0.33
9,original,TSH_low_AND_TT4_low,5760,23,0.399
9,original,TT4_FTI_divergent,5760,1,0.017
9,original,T3_high_AND_TT4_verylow,5760,4,0.069
