run_id,feature,kind,n_synthetic,n_violations,pct_violations,range_lo,range_hi,syn_min,syn_max,orig_min,orig_max
0,TSH,physiological_range,10239,0,0.0,0.0,600.0,6.1,529.856,0.0,530.0
0,FTI,physiological_range,10239,0,0.0,0.0,900.0,2.217,154.931,2.0,546.0
0,T3,physiological_range,10239,0,0.0,0.0,20.0,0.051,4.057,0.05,10.59
0,TT4,physiological_range,10239,0,0.0,0.0,650.0,2.227,147.965,2.0,600.0
0,hypopituitary,binary_integrity,10239,0,0.0,0.0,1.0,0.0,0.0,0.0,1.0
0,on_thyroxine,binary_integrity,10239,367,3.584,0.0,1.0,0.0,1.0,0.0,1.0
0,pregnant,binary_integrity,10239,0,0.0,0.0,1.0,0.0,0.0,0.0,1.0
0,query_hypothyroid,binary_integrity,10239,7,0.068,0.0,1.0,0.0,1.0,0.0,1.0
1,TSH,physiological_range,10239,0,0.0,0.0,600.0,6.1,528.886,0.0,530.0
1,FTI,physiological_range,10239,0,0.0,0.0,900.0,2.201,152.909,2.0,642.0
1,T3,physiological_range,10239,0,0.0,0.0,20.0,0.051,3.833,0.05,18.0
1,TT4,physiological_range,10239,0,0.0,0.0,650.0,2.201,148.319,2.0,600.0
1,T4U,physiological_range,10239,0,0.0,0.1,3.0,0.561,1.616,0.17,2.33
1,on_thyroxine,binary_integrity,10239,422,4.121,0.0,1.0,0.0,1.0,0.0,1.0
1,query_hypothyroid,binary_integrity,10239,19,0.186,0.0,1.0,0.0,1.0,0.0,1.0
1,I131_treatment,binary_integrity,10239,24,0.234,0.0,1.0,0.0,1.0,0.0,1.0
2,TSH,physiological_range,10239,0,0.0,0.0,600.0,6.101,529.77,0.0,530.0
2,FTI,physiological_range,10239,0,0.0,0.0,900.0,2.002,154.965,2.0,612.0
2,TT4,physiological_range,10239,0,0.0,0.0,650.0,2.002,149.377,2.0,600.0
2,T3,physiological_range,10239,0,0.0,0.0,20.0,0.058,4.098,0.05,13.29
2,hypopituitary,binary_integrity,10239,0,0.0,0.0,1.0,0.0,0.0,0.0,1.0
2,goitre,binary_integrity,10239,0,0.0,0.0,1.0,0.0,0.0,0.0,1.0
2,pregnant,binary_integrity,10239,0,0.0,0.0,1.0,0.0,0.0,0.0,1.0
2,thyroid_surgery,binary_integrity,10239,66,0.645,0.0,1.0,0.0,1.0,0.0,1.0
3,TSH,physiological_range,10239,0,0.0,0.0,600.0,6.111,499.87,0.0,500.0
3,FTI,physiological_range,10239,0,0.0,0.0,900.0,2.012,152.935,2.0,642.0
3,T3,physiological_range,10239,0,0.0,0.0,20.0,0.05,4.1,0.05,18.0
3,TT4,physiological_range,10239,0,0.0,0.0,650.0,2.023,145.865,2.0,430.0
3,goitre,binary_integrity,10239,0,0.0,0.0,1.0,0.0,0.0,0.0,1.0
3,pregnant,binary_integrity,10239,0,0.0,0.0,1.0,0.0,0.0,0.0,1.0
3,lithium,binary_integrity,10239,18,0.176,0.0,1.0,0.0,1.0,0.0,1.0
3,query_on_thyroxine,binary_integrity,10239,27,0.264,0.0,1.0,0.0,1.0,0.0,1.0
4,TSH,physiological_range,10239,0,0.0,0.0,600.0,6.1,529.394,0.0,530.0
4,FTI,physiological_range,10239,0,0.0,0.0,900.0,2.087,154.65,2.0,642.0
4,T3,physiological_range,10239,0,0.0,0.0,20.0,0.055,3.822,0.05,18.0
4,TT4,physiological_range,10239,0,0.0,0.0,650.0,2.072,149.334,2.0,430.0
4,hypopituitary,binary_integrity,10239,0,0.0,0.0,1.0,0.0,0.0,0.0,1.0
4,pregnant,binary_integrity,10239,0,0.0,0.0,1.0,0.0,0.0,0.0,1.0
4,goitre,binary_integrity,10239,0,0.0,0.0,1.0,0.0,0.0,0.0,1.0
4,query_on_thyroxine,binary_integrity,10239,16,0.156,0.0,1.0,0.0,1.0,0.0,1.0
5,TSH,physiological_range,10239,0,0.0,0.0,600.0,6.1,529.335,0.0,530.0
5,FTI,physiological_range,10239,0,0.0,0.0,900.0,2.444,153.151,2.4,642.0
5,T3,physiological_range,10239,0,0.0,0.0,20.0,0.052,4.084,0.05,18.0
5,TT4,physiological_range,10239,0,0.0,0.0,650.0,2.529,148.248,2.5,430.0
5,T4U,physiological_range,10239,0,0.0,0.1,3.0,0.58,1.648,0.19,2.33
5,on_thyroxine,binary_integrity,10239,263,2.569,0.0,1.0,0.0,1.0,0.0,1.0
5,query_hypothyroid,binary_integrity,10239,14,0.137,0.0,1.0,0.0,1.0,0.0,1.0
5,sex,binary_integrity,10239,250,2.442,0.0,1.0,0.0,1.0,0.0,1.0
6,TSH,physiological_range,10239,0,0.0,0.0,600.0,6.101,499.369,0.0,500.0
6,FTI,physiological_range,10239,0,0.0,0.0,900.0,2.008,153.86,2.0,642.0
6,T3,physiological_range,10239,0,0.0,0.0,20.0,0.051,4.049,0.05,18.0
6,TT4,physiological_range,10239,0,0.0,0.0,650.0,2.008,145.993,2.0,430.0
6,T4U,physiological_range,10239,0,0.0,0.1,3.0,0.583,1.643,0.28,2.33
6,on_thyroxine,binary_integrity,10239,331,3.233,0.0,1.0,0.0,1.0,0.0,1.0
6,sex,binary_integrity,10239,267,2.608,0.0,1.0,0.0,1.0,0.0,1.0
6,query_hypothyroid,binary_integrity,10239,0,0.0,0.0,1.0,0.0,1.0,0.0,1.0
7,TSH,physiological_range,10239,0,0.0,0.0,600.0,6.105,527.71,0.0,530.0
7,FTI,physiological_range,10239,0,0.0,0.0,900.0,2.106,153.01,2.0,642.0
7,T3,physiological_range,10239,0,0.0,0.0,20.0,0.053,4.098,0.05,18.0
7,TT4,physiological_range,10239,0,0.0,0.0,650.0,2.087,147.954,2.0,600.0
7,T4U,physiological_range,10239,0,0.0,0.1,3.0,0.565,1.65,0.17,2.33
7,on_thyroxine,binary_integrity,10239,315,3.076,0.0,1.0,0.0,1.0,0.0,1.0
7,sex,binary_integrity,10239,215,2.1,0.0,1.0,0.0,1.0,0.0,1.0
7,query_hypothyroid,binary_integrity,10239,0,0.0,0.0,1.0,0.0,1.0,0.0,1.0
8,TSH,physiological_range,10239,0,0.0,0.0,600.0,6.1,529.587,0.0,530.0
8,FTI,physiological_range,10239,0,0.0,0.0,900.0,2.04,154.968,2.0,546.0
8,T3,physiological_range,10239,0,0.0,0.0,20.0,0.051,4.097,0.05,13.29
8,TT4,physiological_range,10239,0,0.0,0.0,650.0,2.06,149.993,2.0,600.0
8,hypopituitary,binary_integrity,10239,0,0.0,0.0,1.0,0.0,0.0,0.0,1.0
8,goitre,binary_integrity,10239,0,0.0,0.0,1.0,0.0,0.0,0.0,1.0
8,I131_treatment,binary_integrity,10239,54,0.527,0.0,1.0,0.0,1.0,0.0,1.0
8,pregnant,binary_integrity,10239,0,0.0,0.0,1.0,0.0,0.0,0.0,1.0
9,TSH,physiological_range,10239,0,0.0,0.0,600.0,6.1,499.817,0.0,500.0
9,FTI,physiological_range,10239,0,0.0,0.0,900.0,2.035,152.741,2.0,642.0
9,T3,physiological_range,10239,0,0.0,0.0,20.0,0.06,4.094,0.05,18.0
9,TT4,physiological_range,10239,0,0.0,0.0,650.0,2.049,149.551,2.0,600.0
9,hypopituitary,binary_integrity,10239,0,0.0,0.0,1.0,0.0,0.0,0.0,1.0
9,pregnant,binary_integrity,10239,0,0.0,0.0,1.0,0.0,0.0,0.0,1.0
9,goitre,binary_integrity,10239,0,0.0,0.0,1.0,0.0,0.0,0.0,1.0
9,on_thyroxine,binary_integrity,10239,182,1.778,0.0,1.0,0.0,1.0,0.0,1.0
