model,pipeline,auc_macro,auc_overt_hypothyroid,auc_subclinical_hypothyroid,auc_euthyroid
Logistic Regression,A,0.98166,0.99696,0.96895,0.97609
Logistic Regression,B,0.99239,0.99739,0.98524,0.9934
Decision Tree,A,0.99884,0.99964,0.99854,0.99833
Decision Tree,B,0.98788,0.99964,0.97909,0.98491
KNN,A,0.88925,0.98276,0.81487,0.86998
KNN,B,0.95373,0.98126,0.92565,0.95413
SVM (RBF),A,0.99049,0.99332,0.98444,0.99244
SVM (RBF),B,0.99578,0.99735,0.99247,0.99659
SVM (Linear),A,0.98377,0.99864,0.97284,0.97871
SVM (Linear),B,0.99436,0.99873,0.98838,0.99522
Random Forest,A,0.99985,0.99978,0.99989,0.99978
Random Forest,B,0.99971,0.99989,0.99959,0.99956
AdaBoost,A,0.99228,0.99922,0.98796,0.98966
AdaBoost,B,0.99296,0.99893,0.98939,0.99057
Bagging,A,0.99996,1.0,0.99994,0.99991
Bagging,B,0.99961,0.99994,0.99944,0.9994
XGBoost,A,0.99989,0.99985,0.99992,0.99978
XGBoost,B,0.99939,0.99978,0.9993,0.99896
Stacking (RF+SVM),A,0.9999,0.99981,0.99996,0.99985
Stacking (RF+SVM),B,0.99979,0.99976,0.99983,0.99957
