method,run_id,n_selected,roc_auc_ovr,f1_macro,specificity_macro
HFS (proposed),0,8,0.9997534042317162,0.9828588084771318,0.995922870885369
SelectKBest,0,8,0.9996587740820767,0.9851910734263676,0.9961668923592587
MutualInfo,0,8,0.999708466850679,0.9851910734263676,0.9961668923592587
ReliefF,0,8,0.9994783507423024,0.9851910734263676,0.9961668923592587
RFE,0,8,0.9995479999393587,0.9851910734263676,0.9961668923592587
LASSO,0,8,0.999418473649714,0.9828588084771318,0.995922870885369
Boruta-like,0,8,0.9993790096475306,0.9828588084771318,0.995922870885369
mRMR,0,8,0.9995344298135054,0.9806722689075631,0.9985500927350975
TreeImportance,0,8,0.9992005678371491,0.9828588084771318,0.995922870885369
HFS (proposed),1,8,0.9985463850354176,0.9644706127039436,0.9978464714702996
SelectKBest,1,8,0.9987160247064557,0.9689000444430126,0.9980833821549715
MutualInfo,1,8,0.9983322552897909,0.978132850121272,0.9985572035243152
ReliefF,1,8,0.9969947529323734,0.9598046921193077,0.9944871851989022
RFE,1,8,0.9991169218807313,0.9758994906429684,0.9988154465766406
LASSO,1,8,0.9992717348947298,0.971470342522974,0.9985785358919688
Boruta-like,1,8,0.9983604958572463,0.9689000444430126,0.9980833821549715
mRMR,1,8,0.9983412836715415,0.9643218337809761,0.9944729636204664
TreeImportance,1,8,0.9988167220011795,0.971470342522974,0.9985785358919688
HFS (proposed),2,8,0.9982555742942761,0.956487651546139,0.9953707027853135
SelectKBest,2,8,0.9991863765319758,0.9833797497352785,0.9985429819458796
MutualInfo,2,8,0.9994499729371823,0.9833797497352785,0.9985429819458796
ReliefF,2,8,0.9994105237491429,0.9833797497352785,0.9985429819458796
RFE,2,8,0.9998500997371257,0.9879014825316648,0.999031024893659
LASSO,2,8,0.9998230630510437,0.9879014825316648,0.999031024893659
Boruta-like,2,8,0.9996306039417451,0.9833797497352785,0.9985429819458796
mRMR,2,8,0.9979631618797408,0.9526958331038121,0.9948826598375341
TreeImportance,2,8,0.9999704808135266,0.9879014825316648,0.999031024893659
HFS (proposed),3,8,0.9956809529456662,0.9430115889777421,0.9907913091444674
SelectKBest,3,8,0.9988069150630426,0.9809901175504624,0.9954277171483717
MutualInfo,3,8,0.9985880464256555,0.9809901175504624,0.9954277171483717
ReliefF,3,8,0.998462267989552,0.9694612372125997,0.9944587420420308
RFE,3,8,0.9998404682336428,0.9901451365958102,0.9964038030439307
LASSO,3,8,0.9996109683659752,0.9811603397566024,0.99829896047199
Boruta-like,3,8,0.9988155741194322,0.9809901175504624,0.9954277171483717
mRMR,3,8,0.9986379710286921,0.9722773517452737,0.994451631252813
TreeImportance,3,8,0.9999175429774269,0.9878129657254169,0.9961597815700408
HFS (proposed),4,8,0.9963390633326058,0.9467161652280199,0.9948968814159697
SelectKBest,4,8,0.9997123555719747,0.9686213877971062,0.9980691605765358
MutualInfo,4,8,0.9992351059557246,0.9565979617101646,0.9975882284179742
ReliefF,4,8,0.9984322434151892,0.9639489038437153,0.9978322498918639
RFE,4,8,0.9994829110640241,0.9624485925824106,0.9954419387268074
LASSO,4,8,0.9993455941993047,0.968000985019227,0.9985572035243152
Boruta-like,4,8,0.9995007378216432,0.9708683473389357,0.9983131820504255
mRMR,4,8,0.9990727412080035,0.9547610777743545,0.9970930746809771
TreeImportance,4,8,0.9995315574481969,0.9633393877845506,0.9983202928396434
HFS (proposed),5,8,0.9995678101748005,0.9851910734263676,0.9961668923592587
SelectKBest,5,8,0.9997032050334732,0.9777007955084787,0.9956788494114793
MutualInfo,5,8,0.9995203753458428,0.9805558747415821,0.9956788494114793
ReliefF,5,8,0.9994231291017444,0.9852507574529937,0.9990381356828769
RFE,5,8,0.9998118006325254,0.9728045426851973,0.9925706954031893
LASSO,5,8,0.9988497426458776,0.9713911404278114,0.9978251391026461
Boruta-like,5,8,0.9995271344840171,0.9828588084771318,0.995922870885369
mRMR,5,8,0.9992355143982605,0.9685709493712822,0.9918315201923025
TreeImportance,5,8,0.9998734792695771,0.9875532702136516,0.9964109138331484
HFS (proposed),6,8,0.9987528526081636,0.9597692528375492,0.9942360529357946
SelectKBest,6,8,0.9985353811029481,0.9597692528375492,0.9942360529357946
MutualInfo,6,8,0.9985381398802065,0.9597692528375492,0.9942360529357946
ReliefF,6,8,0.9974323225797199,0.9595683920694875,0.9913648096121767
RFE,6,8,0.9991297256624967,0.9642342182562501,0.994724095883574
LASSO,6,8,0.999110164557602,0.9642342182562501,0.994724095883574
Boruta-like,6,8,0.9986791861542328,0.9597692528375492,0.9942360529357946
mRMR,6,8,0.9927302777645597,0.9210258606627354,0.9838571582846541
TreeImportance,6,8,0.9993279421013577,0.9642342182562501,0.994724095883574
HFS (proposed),7,8,0.9992577662018738,0.9811603397566024,0.99829896047199
SelectKBest,7,8,0.9991464337800101,0.9811603397566024,0.99829896047199
MutualInfo,7,8,0.999235737277347,0.9789678515840903,0.9980549389981003
ReliefF,7,8,0.9986396057207101,0.9746615752867922,0.9975668960503209
RFE,7,8,0.9998611949030443,0.9826506127844309,0.9959157600961511
LASSO,7,8,0.9998045332496651,0.9772421173083424,0.9928004952986434
Boruta-like,7,8,0.9992116766555829,0.9768017655658863,0.9978109175242106
mRMR,7,8,0.9951918362273824,0.9349235317135407,0.9924424450986371
TreeImportance,7,8,0.9999211312522096,0.9902049148424855,0.9992750463675487
HFS (proposed),8,8,0.9952857925884111,0.9227958238500191,0.9924708882555083
SelectKBest,8,8,0.9984435669053293,0.9712038542735245,0.9983274036288612
MutualInfo,8,8,0.9985190125491225,0.9667745171808377,0.9980904929441893
ReliefF,8,8,0.9983140221579433,0.9712038542735245,0.9983274036288612
RFE,8,8,0.9996833280009979,0.9758994906429684,0.9988154465766406
LASSO,8,8,0.9995772648034121,0.971470342522974,0.9985785358919688
Boruta-like,8,8,0.9978858710240336,0.9667745171808377,0.9980904929441893
mRMR,8,8,0.998628606579959,0.964377555328559,0.9975953392071921
TreeImportance,8,8,0.9988459645106319,0.971470342522974,0.9985785358919688
HFS (proposed),9,8,0.9991467620397663,0.9806722689075631,0.9985500927350975
SelectKBest,9,8,0.9992141513487482,0.9784253093657336,0.9983060712612076
MutualInfo,9,8,0.9993983503553069,0.9784253093657336,0.9983060712612076
ReliefF,9,8,0.9990835044705687,0.9784253093657336,0.9983060712612076
RFE,9,8,0.9999083678691251,0.978132850121272,0.9985572035243152
LASSO,9,8,0.9999361003252795,0.978132850121272,0.9985572035243152
Boruta-like,9,8,0.9991381696470257,0.9784253093657336,0.9983060712612076
mRMR,9,8,0.9990968318447028,0.9713911404278114,0.9978251391026461
TreeImportance,9,8,0.9996822371741356,0.9806722689075631,0.9985500927350975
