method,roc_mean,roc_std,f1_mean,f1_std,spec_mean,spec_std
RFE,0.9996,0.0003,0.9775,0.0093,0.9966,0.0021
LASSO,0.9995,0.0003,0.9754,0.0073,0.9973,0.0021
TreeImportance,0.9995,0.0004,0.9788,0.0103,0.9976,0.0016
MutualInfo,0.9991,0.0005,0.9749,0.0101,0.9971,0.0016
SelectKBest,0.9991,0.0005,0.9755,0.0081,0.9971,0.0016
Boruta-like,0.999,0.0006,0.9752,0.0082,0.9971,0.0015
ReliefF,0.9986,0.0008,0.9731,0.0099,0.9966,0.0025
HFS (proposed),0.9981,0.0017,0.9623,0.0207,0.9955,0.0025
mRMR,0.9978,0.0022,0.9585,0.0183,0.9943,0.0043
