method,run_id,rank,feature
HFS (proposed),0,1,TSH
HFS (proposed),0,2,hypopituitary
HFS (proposed),0,3,FTI
HFS (proposed),0,4,T3
HFS (proposed),0,5,TT4
HFS (proposed),0,6,on_thyroxine
HFS (proposed),0,7,pregnant
HFS (proposed),0,8,query_hypothyroid
SelectKBest,0,1,TSH
SelectKBest,0,2,FTI
SelectKBest,0,3,TT4
SelectKBest,0,4,T3
SelectKBest,0,5,on_thyroxine
SelectKBest,0,6,query_hypothyroid
SelectKBest,0,7,sex
SelectKBest,0,8,age
MutualInfo,0,1,TSH
MutualInfo,0,2,FTI
MutualInfo,0,3,T3
MutualInfo,0,4,TT4
MutualInfo,0,5,T4U
MutualInfo,0,6,lithium
MutualInfo,0,7,on_thyroxine
MutualInfo,0,8,query_hypothyroid
ReliefF,0,1,on_thyroxine
ReliefF,0,2,age
ReliefF,0,3,psych
ReliefF,0,4,FTI
ReliefF,0,5,TT4
ReliefF,0,6,TSH
ReliefF,0,7,T3
ReliefF,0,8,T4U
RFE,0,1,on_thyroxine
RFE,0,2,thyroid_surgery
RFE,0,3,psych
RFE,0,4,TSH
RFE,0,5,T3
RFE,0,6,TT4
RFE,0,7,T4U
RFE,0,8,FTI
LASSO,0,1,TSH
LASSO,0,2,on_thyroxine
LASSO,0,3,thyroid_surgery
LASSO,0,4,FTI
LASSO,0,5,TT4
LASSO,0,6,T3
LASSO,0,7,T4U
LASSO,0,8,on_antithyroid_medication
Boruta-like,0,1,FTI
Boruta-like,0,2,T4U
Boruta-like,0,3,TT4
Boruta-like,0,4,T3
Boruta-like,0,5,TSH
Boruta-like,0,6,on_thyroxine
Boruta-like,0,7,age
Boruta-like,0,8,tumor
mRMR,0,1,TSH
mRMR,0,2,lithium
mRMR,0,3,query_hypothyroid
mRMR,0,4,T3
mRMR,0,5,FTI
mRMR,0,6,query_on_thyroxine
mRMR,0,7,on_thyroxine
mRMR,0,8,thyroid_surgery
TreeImportance,0,1,TSH
TreeImportance,0,2,FTI
TreeImportance,0,3,TT4
TreeImportance,0,4,T3
TreeImportance,0,5,on_thyroxine
TreeImportance,0,6,T4U
TreeImportance,0,7,age
TreeImportance,0,8,thyroid_surgery
HFS (proposed),1,1,TSH
HFS (proposed),1,2,FTI
HFS (proposed),1,3,T3
HFS (proposed),1,4,TT4
HFS (proposed),1,5,on_thyroxine
HFS (proposed),1,6,T4U
HFS (proposed),1,7,query_hypothyroid
HFS (proposed),1,8,I131_treatment
SelectKBest,1,1,TSH
SelectKBest,1,2,FTI
SelectKBest,1,3,TT4
SelectKBest,1,4,T3
SelectKBest,1,5,on_thyroxine
SelectKBest,1,6,query_hypothyroid
SelectKBest,1,7,sex
SelectKBest,1,8,age
MutualInfo,1,1,TSH
MutualInfo,1,2,FTI
MutualInfo,1,3,T3
MutualInfo,1,4,TT4
MutualInfo,1,5,on_thyroxine
MutualInfo,1,6,T4U
MutualInfo,1,7,on_antithyroid_medication
MutualInfo,1,8,hypopituitary
ReliefF,1,1,on_thyroxine
ReliefF,1,2,age
ReliefF,1,3,TT4
ReliefF,1,4,FTI
ReliefF,1,5,psych
ReliefF,1,6,TSH
ReliefF,1,7,T4U
ReliefF,1,8,query_hyperthyroid
RFE,1,1,on_thyroxine
RFE,1,2,query_on_thyroxine
RFE,1,3,thyroid_surgery
RFE,1,4,psych
RFE,1,5,TSH
RFE,1,6,T3
RFE,1,7,TT4
RFE,1,8,FTI
LASSO,1,1,TSH
LASSO,1,2,on_thyroxine
LASSO,1,3,thyroid_surgery
LASSO,1,4,FTI
LASSO,1,5,TT4
LASSO,1,6,T3
LASSO,1,7,tumor
LASSO,1,8,goitre
Boruta-like,1,1,FTI
Boruta-like,1,2,T4U
Boruta-like,1,3,TT4
Boruta-like,1,4,T3
Boruta-like,1,5,TSH
Boruta-like,1,6,on_thyroxine
Boruta-like,1,7,age
Boruta-like,1,8,tumor
mRMR,1,1,TSH
mRMR,1,2,hypopituitary
mRMR,1,3,I131_treatment
mRMR,1,4,T3
mRMR,1,5,FTI
mRMR,1,6,on_antithyroid_medication
mRMR,1,7,on_thyroxine
mRMR,1,8,query_hypothyroid
TreeImportance,1,1,TSH
TreeImportance,1,2,FTI
TreeImportance,1,3,TT4
TreeImportance,1,4,T3
TreeImportance,1,5,on_thyroxine
TreeImportance,1,6,T4U
TreeImportance,1,7,age
TreeImportance,1,8,thyroid_surgery
HFS (proposed),2,1,hypopituitary
HFS (proposed),2,2,TSH
HFS (proposed),2,3,FTI
HFS (proposed),2,4,TT4
HFS (proposed),2,5,T3
HFS (proposed),2,6,goitre
HFS (proposed),2,7,pregnant
HFS (proposed),2,8,thyroid_surgery
SelectKBest,2,1,TSH
SelectKBest,2,2,FTI
SelectKBest,2,3,TT4
SelectKBest,2,4,T3
SelectKBest,2,5,on_thyroxine
SelectKBest,2,6,query_hypothyroid
SelectKBest,2,7,sex
SelectKBest,2,8,psych
MutualInfo,2,1,TSH
MutualInfo,2,2,FTI
MutualInfo,2,3,TT4
MutualInfo,2,4,T3
MutualInfo,2,5,on_thyroxine
MutualInfo,2,6,query_hypothyroid
MutualInfo,2,7,T4U
MutualInfo,2,8,query_hyperthyroid
ReliefF,2,1,on_thyroxine
ReliefF,2,2,age
ReliefF,2,3,FTI
ReliefF,2,4,TT4
ReliefF,2,5,psych
ReliefF,2,6,TSH
ReliefF,2,7,T4U
ReliefF,2,8,T3
RFE,2,1,on_thyroxine
RFE,2,2,thyroid_surgery
RFE,2,3,goitre
RFE,2,4,psych
RFE,2,5,TSH
RFE,2,6,T3
RFE,2,7,TT4
RFE,2,8,FTI
LASSO,2,1,TSH
LASSO,2,2,on_thyroxine
LASSO,2,3,thyroid_surgery
LASSO,2,4,FTI
LASSO,2,5,TT4
LASSO,2,6,T3
LASSO,2,7,query_hypothyroid
LASSO,2,8,T4U
Boruta-like,2,1,FTI
Boruta-like,2,2,T4U
Boruta-like,2,3,TT4
Boruta-like,2,4,T3
Boruta-like,2,5,TSH
Boruta-like,2,6,on_thyroxine
Boruta-like,2,7,age
Boruta-like,2,8,tumor
mRMR,2,1,TSH
mRMR,2,2,thyroid_surgery
mRMR,2,3,query_hypothyroid
mRMR,2,4,FTI
mRMR,2,5,goitre
mRMR,2,6,T3
mRMR,2,7,query_hyperthyroid
mRMR,2,8,query_on_thyroxine
TreeImportance,2,1,TSH
TreeImportance,2,2,FTI
TreeImportance,2,3,TT4
TreeImportance,2,4,T3
TreeImportance,2,5,on_thyroxine
TreeImportance,2,6,T4U
TreeImportance,2,7,age
TreeImportance,2,8,thyroid_surgery
HFS (proposed),3,1,TSH
HFS (proposed),3,2,FTI
HFS (proposed),3,3,T3
HFS (proposed),3,4,TT4
HFS (proposed),3,5,goitre
HFS (proposed),3,6,pregnant
HFS (proposed),3,7,lithium
HFS (proposed),3,8,query_on_thyroxine
SelectKBest,3,1,hypopituitary
SelectKBest,3,2,TSH
SelectKBest,3,3,FTI
SelectKBest,3,4,TT4
SelectKBest,3,5,T3
SelectKBest,3,6,query_hypothyroid
SelectKBest,3,7,on_thyroxine
SelectKBest,3,8,sex
MutualInfo,3,1,TSH
MutualInfo,3,2,FTI
MutualInfo,3,3,T3
MutualInfo,3,4,TT4
MutualInfo,3,5,on_thyroxine
MutualInfo,3,6,goitre
MutualInfo,3,7,T4U
MutualInfo,3,8,sick
ReliefF,3,1,on_thyroxine
ReliefF,3,2,age
ReliefF,3,3,TT4
ReliefF,3,4,FTI
ReliefF,3,5,TSH
ReliefF,3,6,psych
ReliefF,3,7,T4U
ReliefF,3,8,sick
RFE,3,1,on_thyroxine
RFE,3,2,pregnant
RFE,3,3,thyroid_surgery
RFE,3,4,goitre
RFE,3,5,TSH
RFE,3,6,T3
RFE,3,7,TT4
RFE,3,8,FTI
LASSO,3,1,TSH
LASSO,3,2,on_thyroxine
LASSO,3,3,FTI
LASSO,3,4,thyroid_surgery
LASSO,3,5,T3
LASSO,3,6,on_antithyroid_medication
LASSO,3,7,tumor
LASSO,3,8,I131_treatment
Boruta-like,3,1,FTI
Boruta-like,3,2,T4U
Boruta-like,3,3,TT4
Boruta-like,3,4,T3
Boruta-like,3,5,TSH
Boruta-like,3,6,on_thyroxine
Boruta-like,3,7,age
Boruta-like,3,8,tumor
mRMR,3,1,TSH
mRMR,3,2,goitre
mRMR,3,3,query_hypothyroid
mRMR,3,4,T3
mRMR,3,5,FTI
mRMR,3,6,sick
mRMR,3,7,psych
mRMR,3,8,on_thyroxine
TreeImportance,3,1,TSH
TreeImportance,3,2,FTI
TreeImportance,3,3,TT4
TreeImportance,3,4,T3
TreeImportance,3,5,on_thyroxine
TreeImportance,3,6,T4U
TreeImportance,3,7,age
TreeImportance,3,8,thyroid_surgery
HFS (proposed),4,1,TSH
HFS (proposed),4,2,hypopituitary
HFS (proposed),4,3,FTI
HFS (proposed),4,4,T3
HFS (proposed),4,5,TT4
HFS (proposed),4,6,pregnant
HFS (proposed),4,7,goitre
HFS (proposed),4,8,query_on_thyroxine
SelectKBest,4,1,TSH
SelectKBest,4,2,FTI
SelectKBest,4,3,TT4
SelectKBest,4,4,T3
SelectKBest,4,5,on_thyroxine
SelectKBest,4,6,query_hypothyroid
SelectKBest,4,7,psych
SelectKBest,4,8,sex
MutualInfo,4,1,TSH
MutualInfo,4,2,FTI
MutualInfo,4,3,T3
MutualInfo,4,4,TT4
MutualInfo,4,5,query_hypothyroid
MutualInfo,4,6,on_thyroxine
MutualInfo,4,7,T4U
MutualInfo,4,8,goitre
ReliefF,4,1,on_thyroxine
ReliefF,4,2,TT4
ReliefF,4,3,psych
ReliefF,4,4,age
ReliefF,4,5,FTI
ReliefF,4,6,TSH
ReliefF,4,7,T4U
ReliefF,4,8,sick
RFE,4,1,on_thyroxine
RFE,4,2,on_antithyroid_medication
RFE,4,3,sick
RFE,4,4,thyroid_surgery
RFE,4,5,TSH
RFE,4,6,T3
RFE,4,7,TT4
RFE,4,8,FTI
LASSO,4,1,TSH
LASSO,4,2,on_thyroxine
LASSO,4,3,thyroid_surgery
LASSO,4,4,FTI
LASSO,4,5,TT4
LASSO,4,6,T3
LASSO,4,7,on_antithyroid_medication
LASSO,4,8,tumor
Boruta-like,4,1,FTI
Boruta-like,4,2,T4U
Boruta-like,4,3,TT4
Boruta-like,4,4,T3
Boruta-like,4,5,TSH
Boruta-like,4,6,on_thyroxine
Boruta-like,4,7,age
Boruta-like,4,8,tumor
mRMR,4,1,TSH
mRMR,4,2,query_hypothyroid
mRMR,4,3,T3
mRMR,4,4,goitre
mRMR,4,5,FTI
mRMR,4,6,I131_treatment
mRMR,4,7,on_thyroxine
mRMR,4,8,query_hyperthyroid
TreeImportance,4,1,TSH
TreeImportance,4,2,FTI
TreeImportance,4,3,TT4
TreeImportance,4,4,T3
TreeImportance,4,5,on_thyroxine
TreeImportance,4,6,T4U
TreeImportance,4,7,age
TreeImportance,4,8,thyroid_surgery
HFS (proposed),5,1,TSH
HFS (proposed),5,2,FTI
HFS (proposed),5,3,T3
HFS (proposed),5,4,TT4
HFS (proposed),5,5,on_thyroxine
HFS (proposed),5,6,T4U
HFS (proposed),5,7,query_hypothyroid
HFS (proposed),5,8,sex
SelectKBest,5,1,hypopituitary
SelectKBest,5,2,TSH
SelectKBest,5,3,FTI
SelectKBest,5,4,TT4
SelectKBest,5,5,T3
SelectKBest,5,6,on_thyroxine
SelectKBest,5,7,query_hypothyroid
SelectKBest,5,8,sex
MutualInfo,5,1,TSH
MutualInfo,5,2,FTI
MutualInfo,5,3,T3
MutualInfo,5,4,TT4
MutualInfo,5,5,T4U
MutualInfo,5,6,I131_treatment
MutualInfo,5,7,on_thyroxine
MutualInfo,5,8,sick
ReliefF,5,1,on_thyroxine
ReliefF,5,2,age
ReliefF,5,3,TT4
ReliefF,5,4,psych
ReliefF,5,5,FTI
ReliefF,5,6,TSH
ReliefF,5,7,T4U
ReliefF,5,8,T3
RFE,5,1,sex
RFE,5,2,on_thyroxine
RFE,5,3,on_antithyroid_medication
RFE,5,4,thyroid_surgery
RFE,5,5,TSH
RFE,5,6,T3
RFE,5,7,TT4
RFE,5,8,FTI
LASSO,5,1,TSH
LASSO,5,2,on_thyroxine
LASSO,5,3,FTI
LASSO,5,4,thyroid_surgery
LASSO,5,5,T3
LASSO,5,6,on_antithyroid_medication
LASSO,5,7,sex
LASSO,5,8,age
Boruta-like,5,1,FTI
Boruta-like,5,2,T4U
Boruta-like,5,3,TT4
Boruta-like,5,4,T3
Boruta-like,5,5,TSH
Boruta-like,5,6,on_thyroxine
Boruta-like,5,7,age
Boruta-like,5,8,tumor
mRMR,5,1,TSH
mRMR,5,2,I131_treatment
mRMR,5,3,sick
mRMR,5,4,T3
mRMR,5,5,FTI
mRMR,5,6,pregnant
mRMR,5,7,thyroid_surgery
mRMR,5,8,on_thyroxine
TreeImportance,5,1,TSH
TreeImportance,5,2,FTI
TreeImportance,5,3,TT4
TreeImportance,5,4,T3
TreeImportance,5,5,on_thyroxine
TreeImportance,5,6,T4U
TreeImportance,5,7,age
TreeImportance,5,8,thyroid_surgery
HFS (proposed),6,1,TSH
HFS (proposed),6,2,FTI
HFS (proposed),6,3,T3
HFS (proposed),6,4,TT4
HFS (proposed),6,5,T4U
HFS (proposed),6,6,on_thyroxine
HFS (proposed),6,7,sex
HFS (proposed),6,8,query_hypothyroid
SelectKBest,6,1,TSH
SelectKBest,6,2,FTI
SelectKBest,6,3,TT4
SelectKBest,6,4,T3
SelectKBest,6,5,on_thyroxine
SelectKBest,6,6,query_hypothyroid
SelectKBest,6,7,sex
SelectKBest,6,8,T4U
MutualInfo,6,1,TSH
MutualInfo,6,2,FTI
MutualInfo,6,3,T3
MutualInfo,6,4,TT4
MutualInfo,6,5,T4U
MutualInfo,6,6,on_thyroxine
MutualInfo,6,7,query_hypothyroid
MutualInfo,6,8,query_on_thyroxine
ReliefF,6,1,on_thyroxine
ReliefF,6,2,TT4
ReliefF,6,3,age
ReliefF,6,4,FTI
ReliefF,6,5,psych
ReliefF,6,6,TSH
ReliefF,6,7,T4U
ReliefF,6,8,sick
RFE,6,1,on_thyroxine
RFE,6,2,thyroid_surgery
RFE,6,3,goitre
RFE,6,4,psych
RFE,6,5,TSH
RFE,6,6,T3
RFE,6,7,TT4
RFE,6,8,FTI
LASSO,6,1,TSH
LASSO,6,2,on_thyroxine
LASSO,6,3,thyroid_surgery
LASSO,6,4,FTI
LASSO,6,5,T3
LASSO,6,6,TT4
LASSO,6,7,tumor
LASSO,6,8,on_antithyroid_medication
Boruta-like,6,1,FTI
Boruta-like,6,2,T4U
Boruta-like,6,3,TT4
Boruta-like,6,4,T3
Boruta-like,6,5,TSH
Boruta-like,6,6,on_thyroxine
Boruta-like,6,7,age
Boruta-like,6,8,tumor
mRMR,6,1,TSH
mRMR,6,2,query_hypothyroid
mRMR,6,3,query_on_thyroxine
mRMR,6,4,T3
mRMR,6,5,FTI
mRMR,6,6,goitre
mRMR,6,7,sex
mRMR,6,8,tumor
TreeImportance,6,1,TSH
TreeImportance,6,2,FTI
TreeImportance,6,3,TT4
TreeImportance,6,4,T3
TreeImportance,6,5,on_thyroxine
TreeImportance,6,6,T4U
TreeImportance,6,7,age
TreeImportance,6,8,thyroid_surgery
HFS (proposed),7,1,TSH
HFS (proposed),7,2,FTI
HFS (proposed),7,3,T3
HFS (proposed),7,4,TT4
HFS (proposed),7,5,on_thyroxine
HFS (proposed),7,6,T4U
HFS (proposed),7,7,sex
HFS (proposed),7,8,query_hypothyroid
SelectKBest,7,1,TSH
SelectKBest,7,2,FTI
SelectKBest,7,3,TT4
SelectKBest,7,4,T3
SelectKBest,7,5,on_thyroxine
SelectKBest,7,6,query_hypothyroid
SelectKBest,7,7,sex
SelectKBest,7,8,T4U
MutualInfo,7,1,TSH
MutualInfo,7,2,FTI
MutualInfo,7,3,T3
MutualInfo,7,4,TT4
MutualInfo,7,5,T4U
MutualInfo,7,6,on_thyroxine
MutualInfo,7,7,query_hypothyroid
MutualInfo,7,8,sick
ReliefF,7,1,on_thyroxine
ReliefF,7,2,age
ReliefF,7,3,psych
ReliefF,7,4,TT4
ReliefF,7,5,FTI
ReliefF,7,6,TSH
ReliefF,7,7,T4U
ReliefF,7,8,I131_treatment
RFE,7,1,on_thyroxine
RFE,7,2,thyroid_surgery
RFE,7,3,I131_treatment
RFE,7,4,psych
RFE,7,5,TSH
RFE,7,6,T3
RFE,7,7,TT4
RFE,7,8,FTI
LASSO,7,1,TSH
LASSO,7,2,on_thyroxine
LASSO,7,3,thyroid_surgery
LASSO,7,4,FTI
LASSO,7,5,T3
LASSO,7,6,TT4
LASSO,7,7,I131_treatment
LASSO,7,8,tumor
Boruta-like,7,1,FTI
Boruta-like,7,2,T4U
Boruta-like,7,3,TT4
Boruta-like,7,4,T3
Boruta-like,7,5,TSH
Boruta-like,7,6,on_thyroxine
Boruta-like,7,7,age
Boruta-like,7,8,tumor
mRMR,7,1,TSH
mRMR,7,2,query_hypothyroid
mRMR,7,3,T3
mRMR,7,4,sick
mRMR,7,5,FTI
mRMR,7,6,query_on_thyroxine
mRMR,7,7,lithium
mRMR,7,8,sex
TreeImportance,7,1,TSH
TreeImportance,7,2,FTI
TreeImportance,7,3,TT4
TreeImportance,7,4,T3
TreeImportance,7,5,on_thyroxine
TreeImportance,7,6,T4U
TreeImportance,7,7,age
TreeImportance,7,8,thyroid_surgery
HFS (proposed),8,1,TSH
HFS (proposed),8,2,hypopituitary
HFS (proposed),8,3,FTI
HFS (proposed),8,4,T3
HFS (proposed),8,5,TT4
HFS (proposed),8,6,goitre
HFS (proposed),8,7,I131_treatment
HFS (proposed),8,8,pregnant
SelectKBest,8,1,TSH
SelectKBest,8,2,FTI
SelectKBest,8,3,TT4
SelectKBest,8,4,T3
SelectKBest,8,5,on_thyroxine
SelectKBest,8,6,query_hypothyroid
SelectKBest,8,7,sex
SelectKBest,8,8,T4U
MutualInfo,8,1,TSH
MutualInfo,8,2,FTI
MutualInfo,8,3,T3
MutualInfo,8,4,TT4
MutualInfo,8,5,query_hypothyroid
MutualInfo,8,6,T4U
MutualInfo,8,7,on_thyroxine
MutualInfo,8,8,I131_treatment
ReliefF,8,1,on_thyroxine
ReliefF,8,2,age
ReliefF,8,3,FTI
ReliefF,8,4,TT4
ReliefF,8,5,TSH
ReliefF,8,6,psych
ReliefF,8,7,T4U
ReliefF,8,8,T3
RFE,8,1,on_thyroxine
RFE,8,2,pregnant
RFE,8,3,thyroid_surgery
RFE,8,4,goitre
RFE,8,5,TSH
RFE,8,6,T3
RFE,8,7,TT4
RFE,8,8,FTI
LASSO,8,1,TSH
LASSO,8,2,on_thyroxine
LASSO,8,3,thyroid_surgery
LASSO,8,4,FTI
LASSO,8,5,TT4
LASSO,8,6,T3
LASSO,8,7,tumor
LASSO,8,8,age
Boruta-like,8,1,FTI
Boruta-like,8,2,T4U
Boruta-like,8,3,TT4
Boruta-like,8,4,T3
Boruta-like,8,5,TSH
Boruta-like,8,6,on_thyroxine
Boruta-like,8,7,age
Boruta-like,8,8,tumor
mRMR,8,1,TSH
mRMR,8,2,query_hypothyroid
mRMR,8,3,T3
mRMR,8,4,I131_treatment
mRMR,8,5,FTI
mRMR,8,6,tumor
mRMR,8,7,sick
mRMR,8,8,on_thyroxine
TreeImportance,8,1,TSH
TreeImportance,8,2,FTI
TreeImportance,8,3,TT4
TreeImportance,8,4,T3
TreeImportance,8,5,on_thyroxine
TreeImportance,8,6,T4U
TreeImportance,8,7,age
TreeImportance,8,8,thyroid_surgery
HFS (proposed),9,1,hypopituitary
HFS (proposed),9,2,TSH
HFS (proposed),9,3,FTI
HFS (proposed),9,4,T3
HFS (proposed),9,5,TT4
HFS (proposed),9,6,pregnant
HFS (proposed),9,7,goitre
HFS (proposed),9,8,on_thyroxine
SelectKBest,9,1,TSH
SelectKBest,9,2,FTI
SelectKBest,9,3,TT4
SelectKBest,9,4,T3
SelectKBest,9,5,on_thyroxine
SelectKBest,9,6,query_hypothyroid
SelectKBest,9,7,sex
SelectKBest,9,8,age
MutualInfo,9,1,TSH
MutualInfo,9,2,FTI
MutualInfo,9,3,T3
MutualInfo,9,4,TT4
MutualInfo,9,5,on_thyroxine
MutualInfo,9,6,T4U
MutualInfo,9,7,age
MutualInfo,9,8,goitre
ReliefF,9,1,on_thyroxine
ReliefF,9,2,age
ReliefF,9,3,TT4
ReliefF,9,4,FTI
ReliefF,9,5,psych
ReliefF,9,6,TSH
ReliefF,9,7,T4U
ReliefF,9,8,T3
RFE,9,1,on_thyroxine
RFE,9,2,thyroid_surgery
RFE,9,3,query_hyperthyroid
RFE,9,4,psych
RFE,9,5,TSH
RFE,9,6,T3
RFE,9,7,TT4
RFE,9,8,FTI
LASSO,9,1,TSH
LASSO,9,2,on_thyroxine
LASSO,9,3,thyroid_surgery
LASSO,9,4,FTI
LASSO,9,5,TT4
LASSO,9,6,T3
LASSO,9,7,query_hyperthyroid
LASSO,9,8,tumor
Boruta-like,9,1,FTI
Boruta-like,9,2,T4U
Boruta-like,9,3,TT4
Boruta-like,9,4,T3
Boruta-like,9,5,TSH
Boruta-like,9,6,on_thyroxine
Boruta-like,9,7,age
Boruta-like,9,8,tumor
mRMR,9,1,TSH
mRMR,9,2,on_thyroxine
mRMR,9,3,goitre
mRMR,9,4,T3
mRMR,9,5,lithium
mRMR,9,6,FTI
mRMR,9,7,sex
mRMR,9,8,query_on_thyroxine
TreeImportance,9,1,TSH
TreeImportance,9,2,FTI
TreeImportance,9,3,TT4
TreeImportance,9,4,T3
TreeImportance,9,5,on_thyroxine
TreeImportance,9,6,T4U
TreeImportance,9,7,age
TreeImportance,9,8,thyroid_surgery
