strategy,model,roc_mean,roc_std,f1_mean,f1_std,spec_mean,spec_std
ADASYN,Logistic Regression,0.9902,0.0026,0.846,0.0125,0.9863,0.0021
ADASYN,Random Forest,0.9979,0.0018,0.9617,0.0201,0.9945,0.0033
ADASYN,XGBoost,0.9975,0.0019,0.9599,0.0179,0.9919,0.0054
BorderlineSMOTE,Logistic Regression,0.9901,0.0026,0.8398,0.0164,0.984,0.0038
BorderlineSMOTE,Random Forest,0.9976,0.0021,0.9656,0.0199,0.9937,0.0046
BorderlineSMOTE,XGBoost,0.9972,0.0021,0.9567,0.0182,0.9889,0.0036
ClassWeight,Logistic Regression,0.9905,0.0024,0.857,0.0139,0.9868,0.0023
ClassWeight,Random Forest,0.9981,0.0015,0.9654,0.0175,0.9899,0.007
ClassWeight,XGBoost,0.9981,0.0013,0.9601,0.0168,0.9865,0.0065
CostSensitive,Logistic Regression,0.9905,0.0024,0.857,0.0139,0.9868,0.0023
CostSensitive,Random Forest,0.9981,0.0015,0.9648,0.0173,0.9899,0.007
CostSensitive,XGBoost,0.9979,0.0014,0.9667,0.0181,0.9955,0.0026
RandomOverSampler,Logistic Regression,0.9905,0.0024,0.8571,0.0135,0.9871,0.002
RandomOverSampler,Random Forest,0.9979,0.0017,0.9665,0.0184,0.9934,0.0051
RandomOverSampler,XGBoost,0.9977,0.0016,0.9678,0.0197,0.995,0.0038
SMOTE,Logistic Regression,0.9909,0.0025,0.8655,0.0183,0.9878,0.0026
SMOTE,Random Forest,0.9981,0.0017,0.9623,0.0207,0.9955,0.0025
SMOTE,XGBoost,0.9976,0.0017,0.9583,0.0216,0.9918,0.0047
SMOTEENN,Logistic Regression,0.9907,0.0018,0.8569,0.0138,0.9869,0.002
SMOTEENN,Random Forest,0.9977,0.0016,0.9578,0.0216,0.995,0.003
SMOTEENN,XGBoost,0.9974,0.0015,0.9544,0.0128,0.9911,0.0026
