strategy,model,run_id,roc_auc_ovr,f1_macro,specificity_macro,recall_overt_hypo,recall_subclin_hypo,recall_euthyroid
None,Logistic Regression,0,0.9870634724940986,0.7508664565121316,0.8262628861334815,0.8484848484848485,0.2972972972972973,0.9939984996249063
None,Random Forest,0,0.999149895481151,0.9799447314918739,0.993051627561751,0.9696969696969697,0.9864864864864865,0.9977494373593399
None,XGBoost,0,0.9997412330530797,0.9754971982318706,0.9865770764928458,1.0,0.9459459459459459,0.9969992498124531
SMOTE,Logistic Regression,0,0.9914536377331826,0.8616254410314322,0.988185163563761,1.0,1.0,0.9632408102025506
SMOTE,Random Forest,0,0.9997534042317162,0.9828588084771318,0.995922870885369,1.0,0.9864864864864865,0.9969992498124531
SMOTE,XGBoost,0,0.9994751520656675,0.9804363186716127,0.9928076060878613,1.0,0.972972972972973,0.9969992498124531
BorderlineSMOTE,Logistic Regression,0,0.9913654255962465,0.8481922369131105,0.9867281455096406,1.0,0.9864864864864865,0.959489872468117
BorderlineSMOTE,Random Forest,0,0.9995662512486713,0.9851910734263676,0.9961668923592587,1.0,0.9864864864864865,0.9977494373593399
BorderlineSMOTE,XGBoost,0,0.9990782807169671,0.9633934374250012,0.986096144334284,0.9696969696969697,0.9459459459459459,0.9962490622655664
ADASYN,Logistic Regression,0,0.9912031529768339,0.8455138928794796,0.9867423670880763,1.0,0.9864864864864865,0.959489872468117
ADASYN,Random Forest,0,0.9996947831367758,0.9828588084771318,0.995922870885369,1.0,0.9864864864864865,0.9969992498124531
ADASYN,XGBoost,0,0.9993233071753759,0.9806272255373466,0.9990452464720946,1.0,0.9864864864864865,0.9977494373593399
RandomOverSampler,Logistic Regression,0,0.9909285930513464,0.8585552439661578,0.9879482528790892,1.0,1.0,0.9624906226556639
RandomOverSampler,Random Forest,0,0.999369079379195,0.9851910734263676,0.9961668923592587,1.0,0.9864864864864865,0.9977494373593399
RandomOverSampler,XGBoost,0,0.9992837204964096,0.9769354524633621,0.993051627561751,0.9393939393939394,1.0,0.9977494373593399
SMOTEENN,Logistic Regression,0,0.990205579632798,0.8521774810234745,0.9872232992466379,1.0,1.0,0.9602400600150037
SMOTEENN,Random Forest,0,0.9992560400231449,0.9829472309218055,0.9987941142089872,1.0,1.0,0.9962490622655664
SMOTEENN,XGBoost,0,0.9990997108302824,0.9663626793539118,0.9889673876579023,1.0,0.9459459459459459,0.9954988747186797
ClassWeight,Logistic Regression,0,0.9911085653211973,0.857265313687332,0.987955363668307,1.0,1.0,0.9624906226556639
ClassWeight,Random Forest,0,0.9995338005736973,0.9851910734263676,0.9961668923592587,1.0,0.9864864864864865,0.9977494373593399
ClassWeight,XGBoost,0,0.9997412330530797,0.9754971982318706,0.9865770764928458,1.0,0.9459459459459459,0.9969992498124531
CostSensitive,Logistic Regression,0,0.9911085653211973,0.857265313687332,0.987955363668307,1.0,1.0,0.9624906226556639
CostSensitive,Random Forest,0,0.9995338005736973,0.9851910734263676,0.9961668923592587,1.0,0.9864864864864865,0.9977494373593399
CostSensitive,XGBoost,0,0.9992946823350306,0.9823369898998467,0.9961668923592587,0.9696969696969697,1.0,0.9977494373593399
None,Logistic Regression,1,0.9727075143924486,0.7403074374079529,0.8231333997575381,0.8181818181818182,0.2702702702702703,0.9954988747186797
None,Random Forest,1,0.9983777376841052,0.9711771905308795,0.9980762713657537,1.0,1.0,0.9939984996249063
None,XGBoost,1,0.9987001393328108,0.9683302697545485,0.9923266739292996,0.9696969696969697,0.972972972972973,0.9962490622655664
SMOTE,Logistic Regression,1,0.9917531598867424,0.8639740523302167,0.9870220705573708,0.9393939393939394,0.9864864864864865,0.9707426856714179
SMOTE,Random Forest,1,0.9985463850354176,0.9644706127039436,0.9978464714702996,1.0,1.0,0.9932483120780196
SMOTE,XGBoost,1,0.9974445953755515,0.973319810982321,0.9923266739292996,1.0,0.972972972972973,0.9954988747186797
BorderlineSMOTE,Logistic Regression,1,0.9912218262478132,0.86060359685049,0.9834187628120837,0.9696969696969697,0.9594594594594594,0.9692423105776444
BorderlineSMOTE,Random Forest,1,0.9980893605840317,0.9734523415178145,0.9983202928396434,1.0,1.0,0.994748687171793
BorderlineSMOTE,XGBoost,1,0.9974275925234296,0.971046517327582,0.9920826524554099,1.0,0.972972972972973,0.994748687171793
ADASYN,Logistic Regression,1,0.9911574735547393,0.8593540902322866,0.9891754710377555,0.9696969696969697,0.9864864864864865,0.967741935483871
ADASYN,Random Forest,1,0.9985019855273546,0.9689000444430126,0.9980833821549715,1.0,1.0,0.9939984996249063
ADASYN,XGBoost,1,0.9975104245967756,0.9663659147869673,0.9918457417707381,1.0,0.972972972972973,0.9939984996249063
RandomOverSampler,Logistic Regression,1,0.9911068509664315,0.8669508649437865,0.9867780490834811,0.9696969696969697,0.9864864864864865,0.9692423105776444
RandomOverSampler,Random Forest,1,0.9979165205546983,0.9734523415178145,0.9983202928396434,1.0,1.0,0.994748687171793
RandomOverSampler,XGBoost,1,0.9978764738369535,0.9758577936739751,0.9983131820504255,1.0,1.0,0.994748687171793
SMOTEENN,Logistic Regression,1,0.9906455172723005,0.8656709500422357,0.9894052709332096,0.9696969696969697,1.0,0.967741935483871
SMOTEENN,Random Forest,1,0.9980436660945309,0.9644706127039436,0.9978464714702996,1.0,1.0,0.9932483120780196
SMOTEENN,XGBoost,1,0.9976727799889951,0.9618135237399071,0.9916088310860663,1.0,0.972972972972973,0.9932483120780196
ClassWeight,Logistic Regression,1,0.9911194416382733,0.8639034731914874,0.9865411383988093,0.9696969696969697,0.9864864864864865,0.9684921230307577
ClassWeight,Random Forest,1,0.9978689817599617,0.9682203878060638,0.9952050280421356,0.9696969696969697,1.0,0.994748687171793
ClassWeight,XGBoost,1,0.9987001393328108,0.9683302697545485,0.9923266739292996,0.9696969696969697,0.972972972972973,0.9962490622655664
CostSensitive,Logistic Regression,1,0.9911194416382733,0.8639034731914874,0.9865411383988093,0.9696969696969697,0.9864864864864865,0.9684921230307577
CostSensitive,Random Forest,1,0.9980890471384196,0.9682203878060638,0.9952050280421356,0.9696969696969697,1.0,0.994748687171793
CostSensitive,XGBoost,1,0.9980546096087949,0.9758577936739751,0.9983131820504255,1.0,1.0,0.994748687171793
None,Logistic Regression,2,0.9868331673779082,0.6840383941809601,0.7941057091059736,0.8181818181818182,0.13513513513513514,0.9932483120780196
None,Random Forest,2,0.9985081479226247,0.9752654327350658,0.9944445204635951,1.0,0.9864864864864865,0.9924981245311327
None,XGBoost,2,0.9978700289176851,0.9553421990508083,0.9757529316785485,0.9696969696969697,0.9054054054054054,0.9932483120780196
SMOTE,Logistic Regression,2,0.9902763701436712,0.8728176983092238,0.9893554954086848,0.9696969696969697,0.972972972972973,0.9692423105776444
SMOTE,Random Forest,2,0.9982555742942761,0.956487651546139,0.9953707027853135,1.0,1.0,0.9857464366091523
SMOTE,XGBoost,2,0.9976631237941463,0.9694337374075936,0.9965836993655443,1.0,1.0,0.9894973743435859
BorderlineSMOTE,Logistic Regression,2,0.989995252151541,0.8438312679863395,0.9874530991420919,1.0,0.918918918918919,0.9654913728432108
BorderlineSMOTE,Random Forest,2,0.998532778127466,0.9711141906217057,0.9939564775158157,1.0,0.9864864864864865,0.9909977494373593
BorderlineSMOTE,XGBoost,2,0.9974568458286012,0.9642366936098825,0.9874819264469106,1.0,0.9594594594594594,0.9902475618904726
ADASYN,Logistic Regression,2,0.9893594458854099,0.847078360593919,0.9869650561943125,1.0,0.9594594594594594,0.9617404351087772
ADASYN,Random Forest,2,0.9984032462457942,0.9595555955615814,0.9901162590858567,1.0,0.972972972972973,0.9887471867966992
ADASYN,XGBoost,2,0.9974997348832118,0.9694337374075936,0.9965836993655443,1.0,1.0,0.9894973743435859
RandomOverSampler,Logistic Regression,2,0.9901086283090338,0.8659382576262861,0.9886305417762337,0.9696969696969697,0.972972972972973,0.9669917479369843
RandomOverSampler,Random Forest,2,0.9982299273332939,0.9677529379246611,0.9910923449814155,1.0,0.972972972972973,0.991747936984246
RandomOverSampler,XGBoost,2,0.9984519222582555,0.973177520207412,0.9942004989897054,1.0,0.9864864864864865,0.991747936984246
SMOTEENN,Logistic Regression,2,0.9910885022694007,0.8761747105409077,0.9898435383564642,0.9696969696969697,0.972972972972973,0.9707426856714179
SMOTEENN,Random Forest,2,0.9983030981414835,0.9503372289952647,0.9917673950400263,1.0,0.9864864864864865,0.9842460615153789
SMOTEENN,XGBoost,2,0.9979323551189017,0.952219729840427,0.992011416513916,1.0,0.9864864864864865,0.9849962490622656
ClassWeight,Logistic Regression,2,0.9900062369458382,0.869226602250468,0.989118584724013,0.9696969696969697,0.972972972972973,0.9684921230307577
ClassWeight,Random Forest,2,0.9985140108996259,0.9721815809245126,0.9855867690188512,1.0,0.9459459459459459,0.9939984996249063
ClassWeight,XGBoost,2,0.9978700289176851,0.9553421990508083,0.9757529316785485,0.9696969696969697,0.9054054054054054,0.9932483120780196
CostSensitive,Logistic Regression,2,0.9900062369458382,0.869226602250468,0.989118584724013,0.9696969696969697,0.972972972972973,0.9684921230307577
CostSensitive,Random Forest,2,0.9984849407012615,0.9721815809245126,0.9855867690188512,1.0,0.9459459459459459,0.9939984996249063
CostSensitive,XGBoost,2,0.9985278891458336,0.9755581612952895,0.9973157637872133,1.0,1.0,0.991747936984246
None,Logistic Regression,3,0.9863999987521134,0.7266668778142007,0.8161565841624179,0.8181818181818182,0.22972972972972974,0.9939984996249063
None,Random Forest,3,0.9963564873595934,0.9476778441840373,0.9774111784219359,1.0,0.918918918918919,0.9879969992498124
None,XGBoost,3,0.9967833262159526,0.9541796964628236,0.981014486167223,1.0,0.9324324324324325,0.9894973743435859
SMOTE,Logistic Regression,3,0.9911190421088749,0.8602610263203228,0.9859320839850111,1.0,0.9864864864864865,0.9572393098274569
SMOTE,Random Forest,3,0.9956809529456662,0.9430115889777421,0.9907913091444674,1.0,0.9864864864864865,0.981245311327832
SMOTE,XGBoost,3,0.9953031517532875,0.9455390811209904,0.9855368654450108,1.0,0.9594594594594594,0.9842460615153789
BorderlineSMOTE,Logistic Regression,3,0.9898920715020887,0.8336436276134608,0.9842594876138723,1.0,0.9459459459459459,0.95423855963991
BorderlineSMOTE,Random Forest,3,0.9936768883150021,0.9424373491020935,0.9879200658208495,1.0,0.972972972972973,0.9819954988747187
BorderlineSMOTE,XGBoost,3,0.9947937524421151,0.954933250969491,0.98913306240108,1.0,0.972972972972973,0.9857464366091523
ADASYN,Logistic Regression,3,0.9901576888476468,0.8384103216374826,0.984740419772434,1.0,0.9459459459459459,0.9557389347336834
ADASYN,Random Forest,3,0.9951332134507813,0.9430115889777421,0.9907913091444674,1.0,0.9864864864864865,0.981245311327832
ADASYN,XGBoost,3,0.995681898994407,0.9436838864290027,0.9852928439711209,1.0,0.9594594594594594,0.9834958739684921
RandomOverSampler,Logistic Regression,3,0.9910401585469402,0.8565601527029422,0.9856951733003393,1.0,0.9864864864864865,0.9564891222805701
RandomOverSampler,Random Forest,3,0.9964975969204406,0.9526806588311282,0.9836417080169514,1.0,0.9459459459459459,0.9879969992498124
RandomOverSampler,XGBoost,3,0.9964779148204239,0.9555988030007972,0.9896282161380773,1.0,0.972972972972973,0.9872468117029257
SMOTEENN,Logistic Regression,3,0.9916492480054587,0.8760284588140129,0.9868797267236987,1.0,0.9864864864864865,0.9602400600150037
SMOTEENN,Random Forest,3,0.9950430212128506,0.9394664006992537,0.9903032661966881,1.0,0.9864864864864865,0.9797449362340586
SMOTEENN,XGBoost,3,0.9957018388071791,0.944813069370824,0.9910353306183571,1.0,0.9864864864864865,0.9819954988747187
ClassWeight,Logistic Regression,3,0.9909388730915205,0.8626242418665949,0.9859249731957934,1.0,0.9864864864864865,0.9572393098274569
ClassWeight,Random Forest,3,0.9967206976197933,0.9516565090757769,0.9778992213697153,1.0,0.918918918918919,0.9894973743435859
ClassWeight,XGBoost,3,0.9967833262159526,0.9541796964628236,0.981014486167223,1.0,0.9324324324324325,0.9894973743435859
CostSensitive,Logistic Regression,3,0.9909388730915205,0.8626242418665949,0.9859249731957934,1.0,0.9864864864864865,0.9572393098274569
CostSensitive,Random Forest,3,0.9967206976197933,0.9516565090757769,0.9778992213697153,1.0,0.918918918918919,0.9894973743435859
CostSensitive,XGBoost,3,0.9966602213158395,0.9579958985026251,0.9927434809355851,1.0,0.9864864864864865,0.9872468117029257
None,Logistic Regression,4,0.9795887241912917,0.6832214092412549,0.8000922172270996,0.7575757575757576,0.16216216216216217,0.9939984996249063
None,Random Forest,4,0.9963775681535648,0.9542030215559892,0.9930017239879104,1.0,0.9864864864864865,0.9879969992498124
None,XGBoost,4,0.9968474403091172,0.9332730779461321,0.9860391299712258,0.9393939393939394,0.9594594594594594,0.9872468117029257
SMOTE,Logistic Regression,4,0.9878636045112954,0.8407738095238096,0.9847546413508695,1.0,0.9864864864864865,0.9534883720930233
SMOTE,Random Forest,4,0.9963390633326058,0.9467161652280199,0.9948968814159697,1.0,1.0,0.9842460615153789
SMOTE,XGBoost,4,0.996611932152788,0.9219619176008447,0.9936767740465212,0.9090909090909091,1.0,0.9827456864216054
BorderlineSMOTE,Logistic Regression,4,0.987143793132703,0.8206308067494051,0.9828309127166234,1.0,0.972972972972973,0.9482370592648162
BorderlineSMOTE,Random Forest,4,0.9960305203242451,0.9472639568991363,0.9917745058292441,1.0,0.9864864864864865,0.9842460615153789
BorderlineSMOTE,XGBoost,4,0.9954086404173661,0.9318074924782617,0.9917745058292441,0.9090909090909091,0.9864864864864865,0.986496624156039
ADASYN,Logistic Regression,4,0.9869519867794418,0.826450021302621,0.9835558663490745,1.0,0.972972972972973,0.9504876219054764
ADASYN,Random Forest,4,0.99664524834591,0.941059118949589,0.9941648169943006,1.0,1.0,0.9819954988747187
ADASYN,XGBoost,4,0.996233723184797,0.9401350276061408,0.9884152195578467,0.9696969696969697,0.9864864864864865,0.9834958739684921
RandomOverSampler,Logistic Regression,4,0.9877591944499615,0.835075876504448,0.9837785554553108,1.0,0.9864864864864865,0.9504876219054764
RandomOverSampler,Random Forest,4,0.995894761718731,0.947794835735771,0.9893984162426234,1.0,0.972972972972973,0.986496624156039
RandomOverSampler,XGBoost,4,0.9958586578004931,0.9383111987522509,0.9889174840840615,0.9696969696969697,0.9864864864864865,0.9849962490622656
SMOTEENN,Logistic Regression,4,0.9891290625888988,0.8486961451247166,0.9847261981939983,1.0,0.9864864864864865,0.9534883720930233
SMOTEENN,Random Forest,4,0.9969561292234328,0.9345322977675918,0.9936838848357391,1.0,1.0,0.9804951237809453
SMOTEENN,XGBoost,4,0.996318164338609,0.9453813600420643,0.9915304843553544,1.0,0.9864864864864865,0.9834958739684921
ClassWeight,Logistic Regression,4,0.987742251121186,0.8369709529253289,0.9837714446660929,1.0,0.9864864864864865,0.9504876219054764
ClassWeight,Random Forest,4,0.9964216113218587,0.9473540073356702,0.9865271729190052,1.0,0.9594594594594594,0.9872468117029257
ClassWeight,XGBoost,4,0.9968474403091172,0.9332730779461321,0.9860391299712258,0.9393939393939394,0.9594594594594594,0.9872468117029257
CostSensitive,Logistic Regression,4,0.987742251121186,0.8369709529253289,0.9837714446660929,1.0,0.9864864864864865,0.9504876219054764
CostSensitive,Random Forest,4,0.9964216113218587,0.9473540073356702,0.9865271729190052,1.0,0.9594594594594594,0.9872468117029257
CostSensitive,XGBoost,4,0.9962630944965979,0.9426529406387076,0.992276770355459,0.9696969696969697,1.0,0.9857464366091523
None,Logistic Regression,5,0.9881991785343557,0.7486670508633754,0.8205203994862454,0.9090909090909091,0.25675675675675674,0.994748687171793
None,Random Forest,5,0.9992967938148934,0.9775217182303496,0.9899363627642432,0.9696969696969697,0.972972972972973,0.9977494373593399
None,XGBoost,5,0.9992845189372472,0.985510126174734,0.9959157600961511,1.0,0.9864864864864865,0.9969992498124531
SMOTE,Logistic Regression,5,0.9930680715184561,0.8729930805932175,0.9893626061979027,0.9696969696969697,0.9864864864864865,0.9684921230307577
SMOTE,Random Forest,5,0.9995678101748005,0.9851910734263676,0.9961668923592587,1.0,0.9864864864864865,0.9977494373593399
SMOTE,XGBoost,5,0.9989919394034968,0.9800043218629596,0.995922870885369,0.9696969696969697,1.0,0.9969992498124531
BorderlineSMOTE,Logistic Regression,5,0.9925603465905373,0.8530961986252906,0.9884149634592152,0.9696969696969697,0.9459459459459459,0.967741935483871
BorderlineSMOTE,Random Forest,5,0.9992314009828334,0.9853904757435883,0.9930445167725331,1.0,0.972972972972973,0.9977494373593399
BorderlineSMOTE,XGBoost,5,0.9988507701859187,0.9824713469257902,0.990173273448915,0.9696969696969697,0.972972972972973,0.9984996249062266
ADASYN,Logistic Regression,5,0.9924352389005223,0.8558642951012275,0.988422074248433,0.9696969696969697,0.972972972972973,0.9662415603900976
ADASYN,Random Forest,5,0.9994971440882182,0.9780445221799369,0.9956859602006971,1.0,0.9864864864864865,0.9962490622655664
ADASYN,XGBoost,5,0.9991492722200167,0.9826506127844309,0.9959157600961511,0.9696969696969697,1.0,0.9969992498124531
RandomOverSampler,Logistic Regression,5,0.9923961192402383,0.8627258474939912,0.988651874143887,0.9696969696969697,0.9864864864864865,0.9662415603900976
RandomOverSampler,Random Forest,5,0.9995430444274622,0.9828588084771318,0.995922870885369,1.0,0.9864864864864865,0.9969992498124531
RandomOverSampler,XGBoost,5,0.9992739617776879,0.9875834256310876,0.9992821571567666,1.0,1.0,0.9977494373593399
SMOTEENN,Logistic Regression,5,0.9906636195723263,0.8382403415168115,0.9862401025618612,0.9696969696969697,0.972972972972973,0.959489872468117
SMOTEENN,Random Forest,5,0.9990539440851056,0.9780445221799369,0.9956859602006971,1.0,0.9864864864864865,0.9962490622655664
SMOTEENN,XGBoost,5,0.999017372320863,0.9751369016074899,0.992814716877079,0.9696969696969697,0.9864864864864865,0.9969992498124531
ClassWeight,Logistic Regression,5,0.9923072391599808,0.8579643215139399,0.988422074248433,0.9696969696969697,0.9864864864864865,0.9654913728432108
ClassWeight,Random Forest,5,0.9993468392796675,0.9721203680708744,0.9868210979667354,0.9393939393939394,0.972972972972973,0.9977494373593399
ClassWeight,XGBoost,5,0.9992845189372472,0.985510126174734,0.9959157600961511,1.0,0.9864864864864865,0.9969992498124531
CostSensitive,Logistic Regression,5,0.9923072391599808,0.8579643215139399,0.988422074248433,0.9696969696969697,0.9864864864864865,0.9654913728432108
CostSensitive,Random Forest,5,0.9994000090835861,0.9721203680708744,0.9868210979667354,0.9393939393939394,0.972972972972973,0.9977494373593399
CostSensitive,XGBoost,5,0.9992080881140311,0.9776124667189477,0.9928076060878613,0.9696969696969697,0.9864864864864865,0.9969992498124531
None,Logistic Regression,6,0.9842629865580483,0.7375718553815899,0.8286389757201024,0.7878787878787878,0.2972972972972973,0.9939984996249063
None,Random Forest,6,0.9983552211743261,0.9597692528375492,0.9942360529357946,1.0,0.9864864864864865,0.991747936984246
None,XGBoost,6,0.9982044690593267,0.954156418292681,0.9822488151151072,0.9696969696969697,0.9324324324324325,0.9939984996249063
SMOTE,Logistic Regression,6,0.9921412426962737,0.8539219897998525,0.9850627879770354,0.9696969696969697,0.972972972972973,0.9647411852963241
SMOTE,Random Forest,6,0.9987528526081636,0.9597692528375492,0.9942360529357946,1.0,0.9864864864864865,0.991747936984246
SMOTE,XGBoost,6,0.997952923637943,0.947728027939481,0.9815309722718738,1.0,0.9324324324324325,0.9909977494373593
BorderlineSMOTE,Logistic Regression,6,0.990048107883446,0.8156796893057576,0.976197797693758,1.0,0.8783783783783784,0.959489872468117
BorderlineSMOTE,Random Forest,6,0.9986376293831899,0.9597692528375492,0.9942360529357946,1.0,0.9864864864864865,0.991747936984246
BorderlineSMOTE,XGBoost,6,0.9977016068885942,0.94761980170939,0.9817749937457635,1.0,0.918918918918919,0.9924981245311327
ADASYN,Logistic Regression,6,0.9913229214156012,0.836171064602086,0.9838995669213295,1.0,0.9459459459459459,0.9617404351087772
ADASYN,Random Forest,6,0.9984218407758993,0.9597692528375492,0.9942360529357946,1.0,0.9864864864864865,0.991747936984246
ADASYN,XGBoost,6,0.9977282957225639,0.9499123079463475,0.9817749937457635,1.0,0.9324324324324325,0.991747936984246
RandomOverSampler,Logistic Regression,6,0.9913104417299631,0.8425348539685342,0.986986388561966,0.9696969696969697,0.9864864864864865,0.9609902475618904
RandomOverSampler,Random Forest,6,0.9986373826012266,0.9597692528375492,0.9942360529357946,1.0,0.9864864864864865,0.991747936984246
RandomOverSampler,XGBoost,6,0.9980037094486066,0.9712211079393303,0.994953895779028,1.0,0.9864864864864865,0.9939984996249063
SMOTEENN,Logistic Regression,6,0.9919631958092975,0.8414510871761718,0.9838640129752404,0.9696969696969697,0.972972972972973,0.9609902475618904
SMOTEENN,Random Forest,6,0.9973489188414824,0.9597692528375492,0.9942360529357946,1.0,0.9864864864864865,0.991747936984246
SMOTEENN,XGBoost,6,0.9967375988429013,0.9524231932062897,0.9848902585432713,1.0,0.9459459459459459,0.991747936984246
ClassWeight,Logistic Regression,6,0.9914466753082775,0.8390050851176166,0.983878234553676,0.9696969696969697,0.972972972972973,0.9609902475618904
ClassWeight,Random Forest,6,0.9987632760402712,0.9665404104693639,0.9947169850943561,1.0,0.9864864864864865,0.9932483120780196
ClassWeight,XGBoost,6,0.9982044690593267,0.954156418292681,0.9822488151151072,0.9696969696969697,0.9324324324324325,0.9939984996249063
CostSensitive,Logistic Regression,6,0.9914466753082775,0.8390050851176166,0.983878234553676,0.9696969696969697,0.972972972972973,0.9609902475618904
CostSensitive,Random Forest,6,0.9987011410080383,0.9619879243503066,0.9944800744096843,1.0,0.9864864864864865,0.9924981245311327
CostSensitive,XGBoost,6,0.9981245097514433,0.9597692528375492,0.9942360529357946,1.0,0.9864864864864865,0.991747936984246
None,Logistic Regression,7,0.9836322634310259,0.7295482962074948,0.8219346247557432,0.8181818181818182,0.28378378378378377,0.9909977494373593
None,Random Forest,7,0.9991522486844886,0.9810079185501959,0.9954206063591541,0.9696969696969697,1.0,0.9954988747186797
None,XGBoost,7,0.9988686751778875,0.9724294522262471,0.9865699657036279,0.9393939393939394,0.972972972972973,0.9969992498124531
SMOTE,Logistic Regression,7,0.9918097405300192,0.8750646046042778,0.9893626061979027,0.9696969696969697,1.0,0.967741935483871
SMOTE,Random Forest,7,0.9992577662018738,0.9811603397566024,0.99829896047199,1.0,1.0,0.994748687171793
SMOTE,XGBoost,7,0.9988617359213988,0.9741638996525555,0.9918244094030847,1.0,0.972972972972973,0.9939984996249063
BorderlineSMOTE,Logistic Regression,7,0.9911877596593613,0.8447028979556724,0.9840795912922587,0.9696969696969697,0.9459459459459459,0.9632408102025506
BorderlineSMOTE,Random Forest,7,0.9988095163433574,0.9811603397566024,0.99829896047199,1.0,1.0,0.994748687171793
BorderlineSMOTE,XGBoost,7,0.9986329669107342,0.9711029389150311,0.9889531660794666,0.9696969696969697,0.972972972972973,0.994748687171793
ADASYN,Logistic Regression,7,0.9911079297819166,0.8459016773236957,0.9872232992466379,1.0,0.9594594594594594,0.9624906226556639
ADASYN,Random Forest,7,0.9993729280884561,0.9789678515840903,0.9980549389981003,1.0,1.0,0.9939984996249063
ADASYN,XGBoost,7,0.9987607808075499,0.9720008894538653,0.991580387929195,1.0,0.972972972972973,0.9932483120780196
RandomOverSampler,Logistic Regression,7,0.9914910224197894,0.8625227015138206,0.9879198097222179,1.0,0.9864864864864865,0.9632408102025506
RandomOverSampler,Random Forest,7,0.9994414920506774,0.9840687136808647,0.9982918496827721,1.0,1.0,0.994748687171793
RandomOverSampler,XGBoost,7,0.9985151129105423,0.9833797497352785,0.9985429819458796,1.0,1.0,0.9954988747186797
SMOTEENN,Logistic Regression,7,0.9921466453677269,0.868842013343292,0.9881353880392364,0.9696969696969697,1.0,0.9639909977494373
SMOTEENN,Random Forest,7,0.9994027014639649,0.9746615752867922,0.9975668960503209,1.0,1.0,0.9924981245311327
SMOTEENN,XGBoost,7,0.9987676753548365,0.9537094772909068,0.9903745021381821,1.0,0.9594594594594594,0.9902475618904726
ClassWeight,Logistic Regression,7,0.9916662708787934,0.8663172373734022,0.987912698933,1.0,1.0,0.9624906226556639
ClassWeight,Random Forest,7,0.9993849955680836,0.9810079185501959,0.9954206063591541,0.9696969696969697,1.0,0.9954988747186797
ClassWeight,XGBoost,7,0.9988686751778875,0.9724294522262471,0.9865699657036279,0.9393939393939394,0.972972972972973,0.9969992498124531
CostSensitive,Logistic Regression,7,0.9916662708787934,0.8663172373734022,0.987912698933,1.0,1.0,0.9624906226556639
CostSensitive,Random Forest,7,0.9993030617377252,0.9810079185501959,0.9954206063591541,0.9696969696969697,1.0,0.9954988747186797
CostSensitive,XGBoost,7,0.9987677645064712,0.9833797497352785,0.9985429819458796,1.0,1.0,0.9954988747186797
None,Logistic Regression,8,0.979772580806069,0.7184509236824858,0.8118496551523329,0.8787878787878788,0.22972972972972974,0.9879969992498124
None,Random Forest,8,0.9948173078093745,0.9332121963043084,0.9910637737752285,1.0,0.9864864864864865,0.9819954988747187
None,XGBoost,8,0.9955573469546771,0.9356591476080828,0.9829380867521537,1.0,0.9459459459459459,0.9857464366091523
SMOTE,Logistic Regression,8,0.9854331985120726,0.8472126209614598,0.9854867057725386,1.0,1.0,0.9549887471867967
SMOTE,Random Forest,8,0.9952857925884111,0.9227958238500191,0.9924708882555083,1.0,1.0,0.9767441860465116
SMOTE,XGBoost,8,0.9945293522843209,0.9263484118664889,0.9929589312032877,1.0,1.0,0.978244561140285
BorderlineSMOTE,Logistic Regression,8,0.984667095100767,0.820304935208136,0.9794574048667902,1.0,0.9594594594594594,0.9474868717179294
BorderlineSMOTE,Random Forest,8,0.9946639524656309,0.9292296048251792,0.9845821119171054,1.0,0.9594594594594594,0.981245311327832
BorderlineSMOTE,XGBoost,8,0.9931247018078573,0.9234282781140853,0.9869724230821619,1.0,0.972972972972973,0.9789947486871718
ADASYN,Logistic Regression,8,0.9848899858137622,0.8366867772750126,0.9840296877184183,1.0,1.0,0.9504876219054764
ADASYN,Random Forest,8,0.9948625921611719,0.9240021275578459,0.9898436664057799,1.0,0.9864864864864865,0.978244561140285
ADASYN,XGBoost,8,0.9933946127935274,0.9299781839735558,0.9934469741510671,1.0,1.0,0.9797449362340586
RandomOverSampler,Logistic Regression,8,0.9852251539556103,0.8413348064647225,0.9845106198769799,1.0,1.0,0.9519879969992499
RandomOverSampler,Random Forest,8,0.9947538759671515,0.930823717346485,0.9879485089777207,1.0,0.972972972972973,0.9819954988747187
RandomOverSampler,XGBoost,8,0.994588746463498,0.9311427000851258,0.9939421278880644,1.0,1.0,0.981245311327832
SMOTEENN,Logistic Regression,8,0.9866751636025596,0.8485713375858447,0.9847333089832161,1.0,1.0,0.9527381845461366
SMOTEENN,Random Forest,8,0.9948979124662235,0.9183641854091936,0.9922339775708364,1.0,1.0,0.9759939984996249
SMOTEENN,XGBoost,8,0.9946487906753014,0.9299781839735558,0.9934469741510671,1.0,1.0,0.9797449362340586
ClassWeight,Logistic Regression,8,0.9852376554758178,0.8398994187921524,0.9842665984030902,1.0,1.0,0.9512378094523631
ClassWeight,Random Forest,8,0.9953009491868676,0.9297746503540707,0.9822060223304846,1.0,0.9459459459459459,0.9834958739684921
ClassWeight,XGBoost,8,0.9955573469546771,0.9356591476080828,0.9829380867521537,1.0,0.9459459459459459,0.9857464366091523
CostSensitive,Logistic Regression,8,0.9852376554758178,0.8398994187921524,0.9842665984030902,1.0,1.0,0.9512378094523631
CostSensitive,Random Forest,8,0.9953009491868676,0.9297746503540707,0.9822060223304846,1.0,0.9459459459459459,0.9834958739684921
CostSensitive,XGBoost,8,0.9951089892335222,0.9311427000851258,0.9939421278880644,1.0,1.0,0.981245311327832
None,Logistic Regression,9,0.9884636418185716,0.7051615014701147,0.8156827627930742,0.7575757575757576,0.22972972972972974,0.9939984996249063
None,Random Forest,9,0.9991227882210532,0.973143309353178,0.9985572035243152,0.9696969696969697,1.0,0.9962490622655664
None,XGBoost,9,0.9990641100847347,0.9663075087285101,0.9951979172529177,0.9696969696969697,0.972972972972973,0.9962490622655664
SMOTE,Logistic Regression,9,0.9936616491733634,0.9066787670944497,0.992987374360159,0.9393939393939394,1.0,0.9797449362340586
SMOTE,Random Forest,9,0.9991467620397663,0.9806722689075631,0.9985500927350975,1.0,1.0,0.9954988747186797
SMOTE,XGBoost,9,0.9991594285973745,0.9640627548968125,0.994953895779028,0.9696969696969697,0.972972972972973,0.9954988747186797
BorderlineSMOTE,Logistic Regression,9,0.9933704726035664,0.8576882331662447,0.9869223914590056,1.0,0.9594594594594594,0.9617404351087772
BorderlineSMOTE,Random Forest,9,0.999233031897869,0.9806722689075631,0.9985500927350975,1.0,1.0,0.9954988747186797
BorderlineSMOTE,XGBoost,9,0.999332881103942,0.9571733072782571,0.9944729636204664,0.9696969696969697,0.972972972972973,0.9939984996249063
ADASYN,Logistic Regression,9,0.9934820586809266,0.8686572419487083,0.9886305417762337,1.0,0.9594594594594594,0.9669917479369843
ADASYN,Random Forest,9,0.9989537185332463,0.9806722689075631,0.9985500927350975,1.0,1.0,0.9954988747186797
ADASYN,XGBoost,9,0.9994292608151557,0.9644642774627527,0.9947027635159205,0.9696969696969697,0.972972972972973,0.994748687171793
RandomOverSampler,Logistic Regression,9,0.9935877157980676,0.8786671318844849,0.9903244705150258,0.9393939393939394,0.9864864864864865,0.9722430607651913
RandomOverSampler,Random Forest,9,0.9987796347050562,0.9806722689075631,0.9985500927350975,1.0,1.0,0.9954988747186797
RandomOverSampler,XGBoost,9,0.9991655738434235,0.9852507574529937,0.9990381356828769,1.0,1.0,0.9969992498124531
SMOTEENN,Logistic Regression,9,0.9930028280823295,0.8531592449875518,0.9878984773545644,0.9090909090909091,0.9864864864864865,0.9654913728432108
SMOTEENN,Random Forest,9,0.9983240298738276,0.9758577936739751,0.9983131820504255,1.0,1.0,0.994748687171793
SMOTEENN,XGBoost,9,0.9981129740327317,0.9624822222226945,0.994221831357359,1.0,0.972972972972973,0.9924981245311327
ClassWeight,Logistic Regression,9,0.993497347205297,0.8769584210283562,0.9900804490411361,0.9393939393939394,0.9864864864864865,0.9714928732183046
ClassWeight,Random Forest,9,0.999054582547031,0.9804364709790914,0.9988012249982049,1.0,1.0,0.9962490622655664
ClassWeight,XGBoost,9,0.9990641100847347,0.9663075087285101,0.9951979172529177,0.9696969696969697,0.972972972972973,0.9962490622655664
CostSensitive,Logistic Regression,9,0.993497347205297,0.8769584210283562,0.9900804490411361,0.9393939393939394,0.9864864864864865,0.9714928732183046
CostSensitive,Random Forest,9,0.9991556583892325,0.978132850121272,0.9985572035243152,1.0,1.0,0.9954988747186797
CostSensitive,XGBoost,9,0.9991930447034706,0.9804364709790914,0.9988012249982049,1.0,1.0,0.9962490622655664
